first_name,last_name,email
Ronald,Davis,ronaldd@anderson.org
Sarah,James,s.james68@small.com
Jessica,Phillips,jessicap@davis.biz
Michael,Keller,michael.k@gutierrez-anderson.com
Johnathan,Terry,johnathan.terry52@ward-diaz.com
Jason,Baker,jason.baker@rodriguez-gomez.com
Karen,Montoya,karen.montoya@reynolds.net
James,Hobbs,jhobbs@larsen.com
Cynthia,Reed,cynthia.r@le.com
Julie,Williams,julie.w23@tate.com
Paige,Cole,paige.c26@marquez-wall.com
Angela,Colon,angelacolon@richards.com
Erica,Smith,ericasmith77@schaefer.info
Melanie,Baker,melanie.b@morrison.com
Jennifer,Pierce,jpierce54@bennett.info
Brooke,Carr,brookec71@johnson-blake.com
Alan,Thomas,alant59@walsh.com
Diane,Santos,dsantos40@joyce.com
Sierra,Baker,sierra.b73@white.com
Lauren,White,lauren.white78@parker-lucero.com
Louis,Franco,l.franco@duncan-hurst.biz
Jenna,Moore,j.moore@compton-crawford.com
Alison,Washington,awashington78@cruz-griffith.com
Stacy,Ryan,stacyryan@hansen.org
Stephen,Gomez,stephen.gomez28@mcdonald.info
Andrew,Martinez,amartinez69@villegas.net
Miguel,Clark,miguelc@nelson-barker.com
Bryan,Gonzalez,bryang91@bailey-hartman.org
Christopher,Mercer,christopher.mercer79@sullivan.biz
Brandon,Moore,b.moore14@lopez-walker.biz
Michelle,Thomas,m.thomas@golden.com
Connie,Drake,connied51@jordan.com
Susan,Hudson,shudson@vincent-simon.com
Mary,Haley,mhaley@jackson.com
Erin,Oliver,erin.o@sanders-wilson.com
Jennifer,Beck,jenniferb@ponce-pennington.com
Andrea,Roberts,andrea.r58@howell.com
Regina,Brown,regina.b@dorsey.com
Jonathan,Rodriguez,jonathan.r12@quinn.biz
Michael,Hodges,m.hodges@washington.com
Brad,Lee,bradl63@king-simon.biz
Kathleen,Oconnor,kathleeno@hale.com
Robert,Wallace,rwallace63@mitchell.com
Melissa,Hernandez,melissa.h49@callahan-fleming.com
Ashley,Wright,ashley.wright30@grimes.com
Rodney,Roth,r.roth47@randall.com
Lisa,Silva,lsilva58@jones.com
Christopher,Nguyen,christophernguyen@jones-mcbride.com
Eric,Sandoval,erics@barnett.com
Teresa,Manning,teresa.manning@calhoun-young.com
Jamie,Lewis,j.lewis@jackson.com
Mario,Hale,mario.hale93@sanders-thompson.org
Gwendolyn,Howe,gwendolyn.h43@smith.com
Alec,Fischer,alecfischer@wise-poole.com
Alyssa,Murphy,alyssa.m93@miller-baxter.com
Kaylee,Taylor,k.taylor@wilson-farrell.com
Katie,Hill,katiehill@brown.com
Crystal,Holloway,cholloway42@pena.com
Garrett,Newton,g.newton@collins.com
Bryan,Cummings,bryan.cummings25@williams.org
Theresa,Ferguson,theresa.ferguson@walker.info
Brittany,Martinez,brittanymartinez19@oliver-williams.com
Victoria,Bradford,v.bradford@walker-mullen.com
Bradley,Walker,bradleywalker@gordon-nguyen.info
Benjamin,Thompson,bthompson41@moyer-santiago.info
Thomas,Yates,thomas.yates@morton.com
Amanda,Lee,a.lee53@martin.com
Miguel,Carter,m.carter@adams-johnson.com
Daniel,Sanchez,danielsanchez25@anderson.com
Amanda,Lee,alee@hicks-alexander.com
Drew,Morrison,dmorrison16@salazar.net
Jessica,Price,jprice87@reynolds-austin.com
Benjamin,Clark,benjaminclark@cohen.info
Darlene,Torres,darlene.t23@hill.com
Laura,Little,l.little@sexton.net
Ryan,Martinez,ryanmartinez86@rogers.com
Melissa,Joseph,melissa.joseph@lopez.org
Cheryl,Wilcox,cwilcox@brown.com
Denise,Scott,denisescott89@miller.com
Brenda,Wade,bwade46@gonzales.com
Shelly,Acosta,sacosta@reed.com
Kimberly,Douglas,k.douglas@mora-walker.com
Aaron,Becker,abecker9@schwartz.net
Jaime,Bryant,jaime.bryant8@brown.com
Christopher,Martin,christopherm@davis.com
Joshua,Fleming,j.fleming8@love-stewart.info
Cheryl,Bryant,c.bryant11@martin-carroll.net
Tommy,Morris,tommy.morris@smith.com
Chad,Munoz,chadmunoz@young.com
John,Coffey,j.coffey18@hall.net
William,Kennedy,wkennedy85@downs.com
Jerome,Young,jerome.y@curtis.com
Cindy,Williams,c.williams51@turner-rice.com
Brittany,Lopez,brittany.l98@williamson-morris.biz
Traci,Hooper,traci.h73@tate.com
Stephanie,Ho,s.ho26@bryant.com
Amber,Robinson,a.robinson@jackson-craig.com
Melissa,Diaz,mdiaz69@herring.com
Tammy,Wells,twells@chavez.com
Tiffany,Wolf,tiffany.w@gilbert.com
Jennifer,Hester,jenniferh@rodriguez-gonzales.org
Chad,Villegas,chad.v75@king-holland.net
Alexis,Carter,acarter@gutierrez-williams.com
Daniel,Mosley,daniel.m43@adkins.com
Laura,Cunningham,laurac@newton-sanchez.com
Kenneth,Dean,kdean63@hancock.com
Nicholas,Preston,npreston54@lewis.biz
Charles,Perkins,c.perkins@lowery.com
Victoria,Smith,victoria.smith59@winters.org
Henry,Matthews,henrymatthews64@daniels-martinez.com
Kevin,Garrison,keving@taylor-phillips.com
Kenneth,Conner,k.conner26@moon.org
Matthew,Murphy,matthewmurphy26@nelson-armstrong.biz
William,Butler,william.butler@owens.com
Angela,Bray,abray@davenport-wilkins.com
Kelsey,Parsons,kelsey.parsons@johnson-williams.com
Cynthia,Ward,c.ward11@hill-kim.net
Christopher,Kim,christopherkim85@jones-fisher.com
Franklin,Gomez,franklingomez@henderson.com
Benjamin,Bass,b.bass26@williams.net
Daniel,Blake,daniel.blake57@phillips.com
Keith,Chung,keith.c@hamilton.com
Glenda,Cook,glenda.c89@nelson.com
Jillian,Lang,jillian.l5@gregory.com
Wesley,Taylor,wtaylor69@griffith.com
Gregory,Jones,gregory.jones@salazar.com
Sarah,Ramirez,sarahr@martinez-stokes.com
Robert,Edwards,robert.edwards84@cooper.com
Anthony,Arias,anthonya@hernandez.biz
Joseph,Gonzales,josephgonzales11@stewart-petersen.com
Shawn,Jones,shawnjones19@smith-bradford.org
Rhonda,Torres,rhondatorres@underwood.net
Jessica,Howard,j.howard71@thompson.biz
Jonathan,White,jonathan.white@perry.com
Tammy,Martin,tammy.martin20@rios.com
Jacqueline,Carr,jcarr@cunningham-williams.com
Nathaniel,Gardner,ngardner17@vasquez-jennings.com
Kelly,Torres,ktorres@carr.com
James,Gardner,jamesg23@white.info
Peter,Carlson,pcarlson@mcfarland-hutchinson.net
Charles,Brown,cbrown@delgado.com
Thomas,Wilson,thomasw@jackson.org
Kurt,Baker,k.baker@howard-maldonado.com
Andrew,Curtis,andrew.c15@wood.net
Caitlin,Ellis,caitlin.ellis@taylor.info
Dean,Richard,deanr93@miller.biz
Lauren,Hill,laurenhill94@rodriguez.net
Christopher,Collins,c.collins59@jenkins.com
Carolyn,Mccoy,carolynmccoy73@walker.info
Levi,Johnson,l.johnson62@williams.com
Linda,Johnson,ljohnson78@miller.org
Amber,Morris,a.morris44@tran.com
Renee,Kelley,renee.k@vang.com
Elizabeth,Watson,elizabethw52@lee.com
Christy,Fuentes,christyfuentes@cole-fleming.com
Matthew,Alexander,m.alexander46@christian.com
Alicia,Phillips,a.phillips87@weber.info
Kevin,Kim,k.kim@martinez-davis.biz
Jackie,Young,jackie.y@chapman-burgess.org
Jesse,Castro,j.castro32@david.com
Stephen,Buckley,stephenbuckley@bridges-bauer.com
Robin,Patterson,robinp88@crawford.com
Rachel,Walton,rachelwalton52@stevenson.com
Jeffery,Thompson,jefferyt8@higgins-hughes.net
Mark,Gentry,mark.gentry68@massey-sherman.net
Jeremy,Hopkins,j.hopkins91@cannon.org
Kathleen,Vaughn,kathleen.vaughn6@bailey.com
Katherine,Moore,katherinem@harris-suarez.net
Edward,Carey,e.carey97@castillo.net
Matthew,Johnson,matthewj19@gill.org
Christopher,Proctor,christopherp13@reed-osborn.net
Kristy,Brooks,kristy.b@lambert-ortiz.com
Jason,Thompson,j.thompson@clark-lee.biz
Peter,Lane,p.lane13@wilson.com
Jake,Ferrell,jake.f@werner.com
Krista,Clark,krista.c@burton-hernandez.com
Stephanie,Brown,stephaniebrown@jackson.org
Linda,Stone,lstone45@brown.com
Kelly,Erickson,kellyerickson42@lane-schroeder.com
Steven,Rogers,srogers19@hart-bell.com
Michelle,Bonilla,michelleb66@bowman-rivera.com
Chelsea,Salinas,csalinas@davis.com
Gary,Collins,garyc@rhodes.biz
Adam,Welch,adamw@lowe.org
John,Thompson,j.thompson@henry-watts.com
Charles,Villa,c.villa16@newman.info
John,Welch,johnw@hobbs-peterson.com
Jessica,Peck,jessica.peck22@mccann.com
Alex,Smith,alex.smith@ross.org
Allison,Castillo,a.castillo62@rivera.com
Zachary,Lester,zacharylester43@brooks.com
Shelby,Jackson,sjackson@delgado.biz
Susan,Jackson,s.jackson@garcia.com
Amanda,Perry,aperry54@logan-peterson.org
Katherine,Reynolds,katherine.r14@brooks.com
Charles,Stuart,charles.s37@lee.org
Christopher,Jimenez,christopher.jimenez@mitchell.org
Jennifer,Johnson,jennifer.johnson57@cross.biz
Raymond,Marshall,rmarshall@wilson-stout.info
Gregory,Smith,gregory.smith6@roach-anderson.info
William,Powell,w.powell@brown.com
Alexander,Rojas,arojas77@reynolds.com
David,Brown,d.brown@lewis-arnold.com
Amanda,Moreno,amanda.m15@mathis.com
David,Castro,davidc@white.com
Michael,Logan,michaellogan@schroeder.com
Stephen,Harris,s.harris92@jenkins-lawrence.com
Martin,Miller,mmiller@davis.com
Jennifer,Rodriguez,jenniferrodriguez19@hunt.biz
Benjamin,Fletcher,benjaminfletcher86@west-casey.com
Kimberly,Young,k.young17@mason-gonzalez.net
Kendra,Gould,kendragould@berger-harrison.biz
John,Watkins,jwatkins17@hopkins-smith.com
Louis,Watts,louis.watts86@mathews.com
Diana,Walker,d.walker@ross.com
Aaron,Robinson,a.robinson75@cox.com
Sarah,Zamora,s.zamora@hughes-bray.com
Gerald,Phillips,g.phillips50@hawkins.com
Kimberly,Payne,kimberly.p@phillips.com
Robert,Byrd,rbyrd13@little-castro.info
Christine,Nelson,christine.n@moore-frazier.com
Steven,Schroeder,sschroeder@roberts-park.info
Kyle,Bullock,kbullock@sherman-sanchez.com
Kathy,Jacobs,kathyjacobs13@strong-curtis.com
Jodi,Mitchell,jodi.mitchell31@phillips.org
Olivia,Gonzales,oliviagonzales33@gonzalez.org
Megan,Robinson,meganrobinson98@thompson-lewis.biz
Jerry,Sandoval,jerrysandoval84@henry-smith.com
Don,Long,don.long@payne.info
Cathy,Bowers,cathy.b@adams-jones.com
Jeremy,Mccoy,j.mccoy@gardner-brewer.org
Timothy,Gray,tgray67@taylor-lawson.com
Linda,Mckenzie,lindam90@rodriguez.com
Daniel,Black,danielb80@taylor.com
Daniel,Perez,daniel.perez@patrick-cole.net
Victor,Hayes,v.hayes@johnson.com
Yvonne,Miller,y.miller@cook.com
Matthew,Jackson,mjackson@benitez.com
Joel,Mcbride,jmcbride@wilson.biz
Christopher,Medina,cmedina@davis.com
Paul,Hunter,paulh@lee.net
Richard,Rush,rrush@robinson-gomez.com
Robin,Cochran,robinc@cooper.com
Evelyn,Watson,ewatson@potter.org
Carolyn,Rhodes,carolynrhodes@stevens.org
Erin,Miller,e.miller55@lloyd-thompson.com
Kelsey,Cooper,kelsey.c22@taylor.com
Kenneth,Vargas,k.vargas@hunter.com
Sarah,Diaz,sdiaz@ochoa.com
Gina,Young,gina.y@hernandez-richmond.com
Sandra,Jensen,sandra.jensen58@daniels.net
Angela,Green,a.green74@ayala.net
Joseph,White,josephwhite37@hopkins.info
Jason,Foster,jason.f10@white.com
Cheryl,Johnson,c.johnson@campbell-moore.com
Mark,Anthony,markanthony@harris.com
Madison,Mcdaniel,madisonm@mcdonald.org
Jeffrey,Wells,j.wells@wiley.org
Christopher,Oconnor,christopher.o@silva.info
Megan,Tucker,megant@torres.com
Deborah,Myers,d.myers@stewart.com
Andrew,Cooper,acooper@gray.com
Scott,Rubio,s.rubio18@murphy.com
Stephen,Reilly,stephen.reilly66@robinson.net
Amanda,Khan,akhan@robinson-robertson.com
Donald,Andrade,donalda@williams.net
Scott,Garrett,s.garrett@kaiser-jennings.info
Jennifer,Luna,jenniferluna@morris.com
Nancy,Smith,n.smith@dawson.com
Michelle,Harris,m.harris@tran.biz
Jenna,Solis,jenna.s18@mendez.com
Robert,Martin,r.martin@simmons.com
Mike,Krueger,mike.krueger@johnson.biz
Kimberly,Rodriguez,kimberly.r@morris.net
Jose,Williams,j.williams@reese-johnson.org
Wendy,Hall,wendyhall@salas-johnson.com
Lori,Jordan,lorij65@martinez.info
Alicia,Armstrong,a.armstrong@bridges.net
Matthew,Hunt,mhunt@frost.com
Stephanie,Graves,stephanie.graves95@walker.com
Christina,Johnson,cjohnson@howard.com
Yolanda,Peterson,yolandapeterson78@stone.net
Kenneth,Adams,kenneth.a69@thornton-garcia.com
Melissa,Moore,melissamoore@williams.org
Warren,Banks,warrenb@summers.biz
Laura,Gonzalez,lgonzalez@flores-ramos.com
Daniel,Bell,danielbell76@smith.com
Theresa,Liu,theresa.liu41@day.com
Lauren,Wallace,lauren.wallace@pierce-sanders.com
Emily,Nixon,enixon@flores.net
Mark,Brown,m.brown50@parker-nelson.org
Elizabeth,Brandt,ebrandt@washington.com
John,Mcdonald,jmcdonald85@smith-drake.info
Amanda,Miller,amiller@edwards.org
Cory,Patrick,coryp34@lewis.com
Vincent,Smith,v.smith70@drake.com
Evan,Martinez,evan.martinez@wilson.com
Christian,York,c.york93@harris-vargas.com
Craig,Tapia,c.tapia62@medina-carrillo.org
Ryan,Reyes,rreyes17@smith.com
Mary,Brown,m.brown@west-white.com
Chad,Santana,c.santana@warren.org
Annette,Moore,annettem29@harris.org
Brandi,Mullins,brandi.mullins52@lane.com
Glenn,Cline,gcline68@marshall-goodman.info
Holly,Walters,holly.w97@blair.com
Anthony,Harris,aharris28@hale.com
James,Parker,jamesparker@brown.com
Amanda,Mills,amanda.m40@hill.info
Michael,Jenkins,michaeljenkins@mckenzie-allen.info
Kimberly,Neal,kimberlyneal66@lee.com
Marie,Goodwin,mgoodwin15@chavez.com
Margaret,Walls,m.walls16@reyes-carpenter.com
Lindsay,Lopez,llopez63@gibson-watkins.com
Brandon,Bates,b.bates@mason.biz
Lori,Price,lori.p54@stanley-price.com
Andrea,Kent,a.kent@decker.com
Carly,Nash,c.nash@thomas-marsh.org
Anthony,Hale,anthonyh@lamb-english.com
Kevin,Martin,kevin.martin6@salinas.com
Crystal,Simpson,crystalsimpson@wolf.com
Carolyn,Russell,c.russell@singh-thomas.org
Jay,Stewart,jay.stewart@harris-thomas.com
John,Jones,jjones59@ritter.com
Lance,Lambert,llambert@orr-douglas.com
Nicole,Brown,n.brown@bennett-burns.com
Brenda,Lara,brenda.l@fernandez.com
Jonathan,Allen,jonathan.a90@gardner.com
Anna,Irwin,annai96@jenkins.biz
Lindsay,Brady,lindsayb@robinson.com
Joseph,Garner,jgarner@ortiz.com
Raymond,Campbell,r.campbell@taylor.com
Luis,Howell,lhowell72@fox.com
Thomas,Wilson,thomas.w89@quinn.com
Brianna,Morgan,briannam@allen-nelson.org
Scott,Rodriguez,srodriguez67@cardenas.com
James,Hernandez,j.hernandez@stevens-jacobs.org
Samantha,Newman,s.newman@rodgers.com
Mark,Thompson,markt@pace.com
Caitlin,Smith,csmith@pugh.com
John,Jones,john.jones@ryan-payne.com
Todd,Gonzalez,toddg@ellis.biz
Amanda,Olson,amanda.o@miller.com
Scott,Castillo,scastillo@williams.net
Christopher,Thomas,christophert16@wolf.com
Alison,Cooley,alison.c@armstrong.info
Shannon,Williams,swilliams85@thomas.org
Joseph,Wilson,joseph.w26@herrera.net
Jessica,Carney,jessicac65@tran.com
Melinda,Young,melinday78@sanchez.com
Kathryn,Montoya,kathryn.montoya@bowman.com
Scott,Jennings,scott.j@burke.com
Erika,Brown,e.brown92@gaines.com
Jose,Owens,joseo98@mitchell.info
Laura,Jones,laura.j36@hardin.com
Manuel,Flores,mflores@garcia.biz
Mark,Carter,mcarter@hall.com
Teresa,Kim,t.kim@anderson-walker.com
Michael,Bates,michael.b@anderson-wilson.org
Chase,Chavez,cchavez21@duke-nelson.com
Morgan,Evans,morgan.e@meza.com
Lisa,Bell,lbell57@hall.com
Samantha,Garcia,samanthag66@mcpherson.com
Aaron,Anthony,a.anthony@smith-maxwell.org
Mckenzie,Lucas,mckenzie.lucas@montoya.org
Jennifer,Cox,j.cox20@allen-garrett.com
Christine,Leonard,christine.leonard@white.info
Travis,Thompson,travisthompson@hoffman.com
Scott,Beck,s.beck@erickson-watson.com
Brian,Flores,bflores70@cox-walton.com
Yvonne,Patterson,y.patterson@perry.net
Susan,Cohen,s.cohen68@price-abbott.com
Brent,Hudson,brent.hudson81@foster.org
James,Gill,jgill@bowman-rosario.com
Christopher,Murphy,cmurphy37@cooper.org
Carlos,Gutierrez,cgutierrez43@mcbride.com
Lorraine,Lynn,lorraine.lynn@ramirez.com
Kevin,Harding,kevin.harding@smith.com
Allen,Frederick,allenf@moreno-graham.com
Matthew,Medina,matthewm14@carlson.org
Cameron,White,c.white@khan.com
Steven,Lambert,s.lambert@murphy-garcia.com
Michelle,Cherry,mcherry35@terry.org
Joan,Pena,j.pena32@kim.com
Laura,Jenkins,l.jenkins@stokes.biz
David,Peterson,dpeterson46@fitzpatrick-morris.org
Anthony,Williams,a.williams@woodward.com
Rebecca,Mcgrath,rmcgrath@davis-phillips.com
Tracy,Hunter,tracy.h62@miller-martin.com
Pamela,Jones,pjones81@hall.net
Thomas,Gilmore,thomas.g@garner-avila.com
Robert,Martinez,r.martinez@conner.net
Jessica,Mccarthy,jessicam60@johnson.org
Cameron,Adams,cameron.a32@tate-smith.com
Matthew,Melton,m.melton@spencer-mcguire.com
Patricia,Thompson,patricia.thompson15@morris.com
David,Davenport,david.davenport@strickland-wang.com
Judy,Myers,judy.myers14@kelly.biz
Christian,Krause,christian.k@richards.com
Carrie,Norman,c.norman36@allen-robertson.com
Kimberly,Browning,k.browning5@sawyer.com
Elizabeth,Sharp,elizabeth.sharp@kline.com
Stephanie,Anderson,stephanie.a@clark.biz
Laura,Yang,laura.yang@ward-alexander.net
Daniel,King,dking@mitchell.com
Benjamin,Russell,b.russell@bradley.net
John,Sutton,john.sutton42@johnson.com
Margaret,Williams,margaret.williams@allen.net
Sarah,Reed,sarahreed73@rojas.com
Tracy,Andrews,tracy.a@rojas.com
Michael,Casey,mcasey62@thomas.com
Lauren,Howe,l.howe48@smith.info
Christina,Mendez,christina.mendez@hall.com
Kelly,Williamson,k.williamson6@campbell.info
Susan,Coleman,scoleman48@ferguson.biz
Alicia,Hernandez,ahernandez72@brooks.com
Stephen,Levine,stephenlevine17@young.net
Alison,Juarez,a.juarez6@adams-vazquez.org
Jessica,Hawkins,jhawkins28@turner.com
Steven,Morrison,stevenm75@nichols-woodward.info
Nicholas,Chambers,nicholas.chambers@williams.org
Michael,Johnson,m.johnson34@harris-jones.net
Jade,Castro,jade.c@hoffman.com
Jaime,Brooks,jaimeb95@fleming-burgess.biz
David,Hayes,d.hayes62@foster.com
Jessica,Henry,jhenry47@smith-thompson.com
Tonya,Byrd,tbyrd@parker.biz
Stephen,Ryan,stephen.ryan69@moore.com
Janice,Hill,janice.h70@sampson.biz
Curtis,Miller,curtis.m58@porter.com
Alexa,Li,ali55@wright.net
Alyssa,Morgan,a.morgan@parker-leon.com
Amber,Flowers,amber.f@perry.org
Patrick,Roberts,patrick.roberts53@campbell-washington.com
Luke,Boyd,luke.b61@grant-christensen.biz
Erik,Garcia,erik.garcia73@skinner.net
Sandra,Green,s.green62@choi.com
Taylor,Walker,twalker@gonzales.info
Brooke,Beck,brooke.beck22@williamson.info
Brandi,Reed,breed@wright.com
Kelly,Stevens,k.stevens62@newman.com
Sandra,Dickerson,sdickerson@lee.com
Jennifer,Leach,jennifer.l98@parker-yang.com
Robert,Hayes,robert.hayes@hester-barber.com
Todd,Jones,toddjones5@nielsen.com
Sandy,Bowman,sandy.bowman76@wolf.com
Jennifer,Collins,j.collins@martin-mack.biz
Joshua,Gomez,j.gomez@mckenzie-wright.biz
Mackenzie,Johnson,mjohnson@ramirez.com
Kevin,Keller,kevin.keller81@olson-valencia.com
Julie,Rivera,julie.r32@paul.net
Leslie,Flowers,l.flowers82@franklin.info
Kenneth,Lewis,klewis@robertson-kim.com
Maria,Wood,maria.wood32@hernandez.biz
John,Humphrey,johnh@suarez-adams.biz
Stephanie,Miller,smiller@hoffman.com
Roger,Wilkerson,rwilkerson@kirby-hicks.biz
Elizabeth,Bonilla,ebonilla41@gray.com
Elizabeth,Adkins,eadkins@james.org
James,Ryan,j.ryan44@preston.com
Stacy,Wheeler,stacy.w@pierce.net
Bridget,Jackson,b.jackson@smith-mendez.com
Christina,Cunningham,c.cunningham37@lewis.info
Sara,Clark,s.clark93@wright-martin.com
Karen,Johnson,karen.j@johnson.com
Logan,Morgan,loganm@hamilton.com
Tabitha,Cole,tabitha.cole@murphy.com
Michael,Hodges,m.hodges@thomas.com
Mikayla,Fleming,mikaylaf@ramirez.org
Stephen,Hendrix,stephen.hendrix@baird-mccoy.org
Vanessa,Robinson,vanessa.r76@booth.com
Henry,Baker,henrybaker@may.com
Ann,Schneider,annschneider18@morales.com
Deanna,Watson,deanna.w@andrews.com
Calvin,Willis,calvin.willis36@burnett.biz
Roy,Bailey,roy.bailey10@fisher.com
Valerie,Williams,v.williams@nixon.com
Claire,Williams,c.williams42@sharp-alvarez.com
Allison,Tate,a.tate@deleon.com
Lauren,Dillon,lauren.dillon97@silva.com
Christopher,Hampton,champton24@escobar.com
Jenna,Lee,jennalee74@waters.com
Courtney,Byrd,c.byrd@cunningham.com
Eileen,Miller,e.miller@curtis-barker.com
Thomas,Munoz,tmunoz@brown.com
Joseph,Sharp,jsharp58@mckee.com
Jonathan,Lowe,jonathanl72@snyder-tucker.com
Nicole,Hayden,nicolehayden@schroeder.com
Danielle,Flores,dflores@norris-craig.com
Leslie,Lewis,llewis15@underwood.com
Ariana,Williams,awilliams@bowen-daniels.org
Brandon,Torres,brandontorres@moore.com
Charles,Reed,creed35@henderson-parsons.com
Virginia,Cooley,virginia.c80@rice.com
Brandi,Garcia,brandigarcia64@williams-franco.org
Douglas,Vang,douglas.vang95@harrison.org
Brian,Deleon,briand@shaw.com
Paul,Martin,paulm10@bell.net
David,Lawson,davidlawson39@jones.org
Nicholas,Rodriguez,nrodriguez81@miranda.com
Kevin,Pittman,kevinpittman@jones.org
Chad,Walls,cwalls@white.com
James,Lara,j.lara@cox-hart.com
Gregory,Ellis,gregorye11@williamson-campos.com
Kurt,Hawkins,khawkins67@patrick.com
Ashley,White,awhite@jimenez-obrien.biz
Elizabeth,Clayton,elizabethc92@wright.com
Sarah,Hahn,sarahh@parker.info
Nathan,Harris,nathan.h91@gonzalez-salinas.biz
Amy,Vargas,a.vargas60@marshall.com
Jason,Hernandez,jason.h26@davis.com
Todd,Smith,t.smith@gonzalez-black.com
Michael,Kennedy,m.kennedy83@hill.com
Paul,Doyle,pauldoyle@campbell.biz
Roger,Meyer,roger.m93@robinson-williams.com
Victoria,Buchanan,vbuchanan@watson-harrison.com
Michael,Rivera,michael.rivera90@ford.com
Rebecca,Holloway,rebeccah64@arias.com
Danny,Roberts,droberts@carter-mason.biz
Carol,Moore,cmoore86@ellis.com
Julie,Price,julieprice@adams-mills.com
Denise,Rollins,drollins86@jones.biz
Michael,English,m.english45@mitchell.com
Mark,Long,mlong12@bennett.com
Christopher,Blair,christopherblair18@dillon.com
Christine,Williams,christinewilliams49@martinez-foster.org
Kimberly,Wolf,kwolf84@russell.org
Mark,Myers,mmyers59@franco.com
Michael,Williams,mwilliams56@watson.info
Kyle,Mendoza,k.mendoza@crawford.com
Caleb,Wilson,c.wilson@rice-koch.com
James,Yoder,j.yoder96@martin.com
Christopher,Jones,c.jones@griffin.info
Mark,Mack,mark.m@harris-long.com
Nathaniel,Baker,n.baker@mcconnell.com
Aaron,Trevino,a.trevino34@roberts.com
Debra,Howard,dhoward79@walker-allen.org
Benjamin,Rojas,brojas@miller.com
Edward,Smith,e.smith29@jacobs.com
Tiffany,Williams,twilliams@clark.com
Jennifer,Brown,jbrown30@goodwin-love.com
Amy,Ward,amy.ward29@casey-floyd.com
Carrie,Erickson,carriee@flowers.com
Brian,Thomas,brian.t78@todd.com
Ronald,Barr,r.barr@orozco-barnett.biz
Patricia,Rodriguez,patriciar86@ellis-anderson.com
Joseph,Gonzalez,jgonzalez@stanley-mitchell.com
Robert,Olson,rolson@lawson.com
Cody,Campos,c.campos73@carter.org
Morgan,Smith,m.smith86@reyes.com
Kimberly,Nguyen,kimberlyn@sanchez-sullivan.com
Jessica,Summers,jessica.s@phillips.com
Craig,Love,c.love43@hall.com
Eric,Brown,ebrown36@warren-morgan.com
Brian,Martin,brianmartin@callahan.com
Shelly,Sawyer,s.sawyer60@owens.biz
Douglas,Morse,dmorse39@lynch-waller.com
Zachary,Gordon,zacharyg52@evans.com
Steven,Howard,s.howard@barnes-juarez.com
Jessica,Wood,j.wood52@collins.biz
Leslie,Fields,lfields@ellis.net
April,Sanders,asanders32@morales.com
Joseph,Koch,j.koch95@carpenter.com
Betty,Dixon,bdixon18@lopez.com
Daniel,Hughes,d.hughes8@huber.com
Wesley,Butler,wesley.butler@wilson.biz
Gary,Young,g.young36@ramos.biz
Jeffrey,Valdez,jvaldez83@abbott.com
Timothy,Hughes,t.hughes@hansen-willis.com
Zachary,Rice,zrice@moore.com
Sarah,Gonzalez,sarah.gonzalez@hays.com
Dawn,Wilson,dwilson15@taylor.com
Daniel,Pittman,dpittman@matthews.com
Luis,Butler,lbutler70@moore-young.org
Angela,Floyd,afloyd70@ramsey-olson.com
Christopher,Costa,christopherc@phillips-hernandez.com
Julia,Farley,juliaf32@evans.com
Cynthia,Logan,cynthial@medina.info
Robert,Wilson,r.wilson20@smith.com
David,Miller,dmiller@harris.com
Tyler,Yates,t.yates@myers.com
Kathy,Cummings,kathy.c@morgan.org
Christopher,Mccullough,christopher.mccullough@williams.com
Brittany,Williams,brittany.w70@lopez-lewis.com
Elizabeth,Branch,e.branch38@garcia.org
Jeffrey,Green,jeffreygreen@grant-jackson.com
William,Montgomery,w.montgomery@garcia.org
Erica,Carter,ecarter@glenn.biz
Amanda,Kelly,amandak@henderson.net
Mary,Powell,mary.p@jones-fleming.com
Kara,Jones,k.jones@perez-gentry.org
Rachel,Anderson,randerson@simmons.com
Richard,Meyers,richard.meyers@williams.net
Kristine,Bell,k.bell41@cherry-pruitt.com
Michael,Cook,michael.c62@alvarado-bailey.com
Juan,Stevens,juan.s@orozco.org
Travis,Cruz,travisc@mckee.biz
Caroline,Richmond,crichmond78@mendez.com
Susan,Hanson,susan.hanson47@wood-preston.com
Robert,Rivera,rrivera@glover.com
Lisa,Jackson,lisa.jackson48@stanley-morrison.com
Amy,Rich,arich@harris.info
Robert,Wise,r.wise64@holland.com
David,Allen,davida62@rogers.com
Rebecca,Sanders,r.sanders@rogers-smith.com
Jessica,Copeland,j.copeland33@willis-diaz.org
Lisa,Perez,lisa.p@jackson.com
Austin,Powers,apowers@walters.com
Patricia,Adams,patriciaa@cuevas.org
Mark,Blevins,mblevins@smith-kline.com
Julia,Guzman,jguzman83@beck-wagner.net
Kimberly,Miller,kmiller@cortez-thompson.biz
Jeremy,Gregory,j.gregory@morgan.com
Dale,Sanford,dales@liu.com
Lisa,Williams,lisaw@scott-ferguson.com
Mary,Campbell,maryc5@dean.biz
Melissa,Arnold,m.arnold@garcia.com
Michele,Jackson,michele.jackson@alexander-martin.info
Vickie,Shah,vshah42@adams.com
Nicholas,Alvarez,nicholas.alvarez@bell-irwin.com
Krista,Flores,kristaf93@thompson-perry.com
Stacy,White,stacywhite@price-hinton.biz
Sue,Allen,sueallen46@carter-snyder.org
Travis,West,twest63@wise.com
David,Hicks,davidh37@blanchard.info
Joseph,Dean,j.dean18@jenkins.com
Kristen,Rodriguez,krodriguez88@pruitt.com
Terry,Moore,terrymoore@moyer.net
Gina,Wilson,ginaw@callahan-peters.org
Paula,Gardner,pgardner@mccall-marquez.com
Charles,Meyer,charlesm@rhodes.com
Veronica,Williams,vwilliams5@skinner.info
Matthew,Moore,matthewmoore@ruiz.biz
Christopher,Scott,cscott@bean.com
Jesus,Medina,jmedina91@harris-hess.com
Terri,Simon,tsimon@martinez-anderson.com
Nicholas,Hurst,nicholash@bullock.com
Allison,Morris,a.morris59@hernandez.biz
Becky,Kramer,bkramer@johnson-jenkins.com
Catherine,Austin,catherineaustin72@phillips-case.com
Autumn,Johnson,autumnj34@baker.biz
Tim,Myers,tmyers19@wood.org
Eric,Heath,e.heath69@hanson-elliott.info
Clifford,Perry,cperry@shah-ramsey.com
Amy,Lowe,a.lowe@grant-whitaker.com
Karen,Coleman,kcoleman21@alvarez.com
Cheryl,Keller,cheryl.keller70@bennett.com
Zachary,Miller,zacharymiller@gordon.com
George,Walton,g.walton@anderson.biz
Sharon,Stevens,sharon.s@jenkins-levy.net
Frank,Mullins,f.mullins@bradford.com
Amber,Thomas,a.thomas@gamble.org
Thomas,Kaufman,thomaskaufman59@thomas.com
Kayla,Lopez,klopez@thomas-lowery.com
Alyssa,Wright,alyssa.wright75@jenkins-lopez.com
Brian,Martinez,b.martinez@villa.com
Nathaniel,White,nathaniel.white@kline.com
Dylan,Hicks,dhicks@myers.org
Joseph,Allen,josepha22@short.com
Robert,Leblanc,r.leblanc@smith.biz
Henry,Diaz,hdiaz@walker-gay.com
Edward,Thompson,edward.thompson72@williams.com
Penny,Hernandez,p.hernandez39@ford.com
Samantha,James,s.james@prince-miller.biz
Tara,Berry,tberry@wright.com
William,Proctor,wproctor20@jordan.info
Nicole,Ramirez,nramirez87@johnson.biz
Nicholas,Hart,n.hart78@burch.info
Jason,Sanchez,j.sanchez96@brown.biz
Nicole,Simon,n.simon52@woods.com
Jennifer,Garcia,jgarcia94@wells.biz
Gary,Chang,garyc@wells.org
Wendy,Carpenter,wendy.c@crawford.com
Ashley,Hoffman,ahoffman@williams.com
Dave,James,djames64@snyder-williams.com
Brady,Lucero,brady.lucero@santos-foster.info
Jake,Brown,jbrown47@gordon.com
Shannon,Wyatt,shannonw@garcia-ray.info
Seth,Smith,seths@peters.com
Melissa,Brown,melissa.brown@day-rodriguez.com
Kathy,Smith,ksmith62@ortiz-brown.com
Suzanne,Walker,s.walker@turner-davenport.com
Joseph,Ruiz,joseph.r@reed-kelly.net
Melinda,Juarez,mjuarez@knox.com
Lori,Moody,lorim63@moore-walker.org
Sandra,Estrada,sestrada@walters.com
Samantha,Brown,sbrown37@young-anthony.com
Alexander,Dillon,alexanderdillon@sampson-barnes.com
Jennifer,Macias,jmacias11@guzman.com
Ashley,Maxwell,amaxwell63@spears.net
Kenneth,Vincent,kvincent@kennedy.com
Angela,Schwartz,a.schwartz85@coleman-morales.net
Preston,Gonzalez,pgonzalez@payne.com
Heather,Wright,heatherwright70@delgado.com
Teresa,Wood,twood@morton.net
Robert,Snow,rsnow@estes-castillo.com
Melissa,Good,melissagood41@hale-brown.com
Jennifer,Flores,jennifer.f@hernandez.org
Christina,Dunn,c.dunn@olson.com
Anna,Robinson,arobinson@medina.com
Scott,Gross,s.gross13@khan.com
Grace,Mcdaniel,g.mcdaniel@butler.info
Barbara,Walter,bwalter@nelson.info
Jaime,Johnson,jaime.j41@coleman-edwards.com
Andrew,Pearson,apearson72@coleman.com
Robert,Jackson,r.jackson@paul.com
Austin,Mosley,amosley85@smith-lopez.biz
Christopher,Page,christopherpage14@perez.org
Brandon,Jones,b.jones@bender-cortez.biz
Jennifer,Dorsey,jenniferdorsey29@hicks.org
Kelly,Oliver,koliver19@garza.com
Marcus,Miller,mmiller82@herrera.com
Richard,Walters,richardw35@harrison.com
Ellen,Miranda,e.miranda@lee-martin.com
Natalie,Jones,n.jones54@stafford.com
Vanessa,Grant,vanessagrant@mccarthy.biz
Connor,Mays,cmays@howard-white.com
John,Lara,jlara91@richardson-ross.com
Luke,Solis,lukesolis92@rogers.com
Abigail,Murphy,abigailm10@larsen-ibarra.org
Erik,Obrien,erikobrien63@reynolds.com
Sherri,Decker,s.decker50@valdez.info
Timothy,Lewis,t.lewis61@cook-key.org
Deanna,Gill,d.gill@lee.com
Alicia,Gross,alicia.gross@daniels.org
Tom,Perry,tperry@brown.net
William,Cummings,williamcummings@roberts.com
Renee,Macdonald,reneem43@hampton-warren.com
Cindy,Martinez,c.martinez@cook.com
Paul,Thomas,pthomas34@edwards.biz
Tina,Johnson,tjohnson11@jones-davis.com
Matthew,Cook,matthewcook@palmer-boyd.com
Shawn,Davis,shawnd70@porter.com
Jorge,Powell,jorgepowell@daniels-wallace.com
Christine,Smith,c.smith@graham.com
Brittney,Scott,brittney.scott54@allen-thompson.info
Mark,Mills,markmills75@maynard.com
Denise,Allison,d.allison@ferrell.com
Robert,Keller,robert.k11@paul.com
Ashley,Figueroa,a.figueroa@padilla.info
Jennifer,Sampson,jennifersampson@gonzales.org
Julia,Harrington,juliah@santana-mullins.net
Brenda,Salazar,bsalazar55@lewis.info
Jason,Webster,jasonwebster@swanson-christian.info
Alicia,Mosley,alicia.m@russell.com
Daniel,Jones,daniel.jones@small-gillespie.com
Heather,Skinner,hskinner@shaw-jones.com
James,Fisher,jfisher75@bryant-lee.com
Ronald,Brown,r.brown@walter.com
Anthony,Roth,anthonyroth@clark.net
Ashley,Lee,ashleyl@riddle.com
Timothy,Johnson,timothyjohnson29@baxter.net
Scott,Simon,s.simon83@moore-holmes.net
Douglas,Lee,d.lee14@smith.com
Diane,Phillips,diane.p@warren.org
Jacob,Cook,jacob.cook38@ford-wood.com
Adam,Garcia,agarcia@moody-hernandez.com
Olivia,Murphy,omurphy5@cruz-atkins.com
Michelle,Jordan,michelle.j@buchanan.com
Kristen,Peterson,kristenpeterson12@martinez.com
Nicole,Petty,n.petty58@martinez-hughes.com
Carolyn,Hart,chart@pittman.com
James,Young,jyoung37@summers.org
Ray,Ortiz,ray.ortiz@baldwin.net
Nicole,Griffin,nicole.g@jones-sullivan.com
Kevin,Smith,kevin.s28@lamb.org
Deborah,Jones,deborah.jones97@velasquez.com
Kimberly,Crawford,k.crawford@graves.com
Mary,Rogers,mrogers@edwards.com
Veronica,Butler,vbutler@hall-cuevas.com
Ann,Wilson,annwilson66@franklin.com
William,Sherman,williamsherman92@griffin-jennings.org
Todd,Murray,tmurray22@lee-gallegos.com
Veronica,Garza,v.garza66@edwards.com
Kyle,Snow,kyle.s@diaz-horton.biz
Jason,Gonzales,jason.g@rodriguez.com
Tracy,Stewart,tracy.stewart62@porter.com
Jessica,Fleming,jfleming33@williamson.com
Eric,Parker,e.parker@hanson.com
Maria,Ward,m.ward7@davenport.info
Marissa,Gutierrez,mgutierrez@johnson-jackson.com
Michael,Chandler,m.chandler89@todd-bradshaw.info
Melissa,Salazar,msalazar30@perkins.info
Robert,Nicholson,rnicholson@glover.com
Micheal,Olson,micheal.olson67@lewis.com
Wesley,Pruitt,wesleypruitt@harper.org
Michael,Valenzuela,m.valenzuela77@richard.com
Rachel,Martinez,rachel.m@ewing.com
Daniel,Martin,danielmartin@russell.info
Sergio,Carter,sergiocarter7@cuevas.com
Laura,Wilson,laura.wilson@richards-lee.com
Laura,Robinson,l.robinson75@watkins.com
Nicholas,Myers,nmyers51@hunter-rogers.com
Karen,Mccullough,karenmccullough44@taylor.com
Sophia,Williams,s.williams@hughes.com
Danielle,Gonzalez,danielleg@gill-dunn.biz
Casey,Miller,caseymiller@burgess.com
Felicia,Miller,f.miller@clark-hill.com
Joanna,Watson,joanna.w21@hall.info
Cory,Coleman,coryc98@baker.com
Amanda,Campbell,a.campbell32@dennis.com
Nathan,White,nathan.w62@dougherty-freeman.com
Carlos,Morales,carlos.morales31@hunter-conley.com
James,Stewart,j.stewart59@tanner.com
Nathan,Elliott,nelliott@wright.net
Olivia,Johnson,olivia.johnson@wells.com
William,Baxter,wbaxter@torres.com
Ricky,Clark,ricky.clark23@potter.info
Patricia,Graham,patricia.graham@maldonado.com
Jose,Huber,jose.huber25@thomas.com
James,Flores,j.flores93@hanson.com
Jacqueline,Stanley,jacquelines@butler.net
Jacob,Francis,jfrancis93@adams.org
Joyce,Pennington,j.pennington15@smith.biz
Theresa,Davis,t.davis53@little.com
Christopher,Moore,cmoore@cooper.com
Kimberly,Crosby,kimberlycrosby@reese.com
Travis,Patrick,t.patrick@scott-gray.com
Benjamin,Aguilar,baguilar@paul-barton.com
Angela,Page,apage@jimenez-robles.com
Lauren,Taylor,lauren.taylor89@anderson-stanton.com
James,Gardner,jamesg@cross.com
Christopher,Gonzales,cgonzales41@buck.info
Kara,Clay,k.clay68@mathis-friedman.com
Troy,Welch,troy.w7@fuentes.net
Karen,Alexander,karen.alexander@york-kirby.org
Julie,Gonzalez,j.gonzalez@williams.biz
Sandra,Mcmillan,smcmillan@choi-mendoza.com
Richard,Bell,rbell46@nelson.info
Kristy,Mitchell,kristy.mitchell@bell-taylor.com
James,Rocha,j.rocha90@underwood.info
Jonathan,Stafford,j.stafford@townsend.com
Stacey,Monroe,smonroe58@terrell.info
Kimberly,Mason,k.mason87@adams.com
Ray,Goodwin,ray.goodwin@chambers-snyder.com
Vernon,Ryan,vernonryan84@ryan-cole.com
Traci,Garcia,traci.g52@walker-johnson.info
Jennifer,Bullock,j.bullock@austin-garrett.com
Kari,Harris,kharris@hill.biz
Brandy,Reyes,breyes@baker.com
Zachary,Young,zacharyyoung27@oneill-lester.net
Mariah,Moran,m.moran65@pace.com
Monica,Griffin,m.griffin@holmes.com
Sabrina,Hanna,shanna9@murphy.com
Sheila,Wilson,s.wilson@king.net
Holly,Ayers,hollya@villarreal-thompson.net
Kathleen,Mendez,kathleenm61@smith.com
Emily,Medina,e.medina@osborne-smith.com
Karen,Oconnor,karen.o39@mack.info
Vanessa,Cook,vcook@knight.com
Johnathan,Neal,j.neal@heath.com
Todd,Smith,todds16@mendoza-cole.com
Victor,Wells,vwells8@moore.biz
Mark,Villa,markv44@gonzalez.info
Randall,Walker,randall.walker@harris.com
Derek,Washington,dwashington@hudson.com
Dustin,Williams,dustinw15@harris.org
Briana,West,b.west@harvey-rivera.com
Brian,Lee,brian.l@jones.com
Joshua,Bryant,jbryant@white.com
Stephanie,Strickland,sstrickland@mitchell-wilkins.biz
Jessica,Martin,jmartin71@wells.org
Michael,Clark,michael.c14@willis-peters.net
Jacob,Duke,jacobduke@wallace-farrell.net
Anthony,Mitchell,anthonym31@snow.com
David,Oneal,d.oneal5@jackson.info
April,George,ageorge@levine-rios.biz
Jessica,Brooks,jbrooks@thompson.com
Jamie,Gilbert,jamieg60@thompson.com
Michael,Bartlett,m.bartlett@stark.com
Juan,Williams,juanwilliams@velazquez.net
Christopher,Lucas,christopher.lucas@beck.biz
Jessica,Garrett,j.garrett79@reynolds-smith.com
David,Hale,dhale83@obrien.net
Nancy,Miller,n.miller@gonzalez-johnson.org
Scott,Carroll,s.carroll@bartlett.com
Karen,Young,karen.y18@parker.net
Cheryl,Morris,cmorris@hodge.com
Karen,Ball,karenball@smith-walsh.biz
Shawn,Chang,s.chang@young.com
Rebecca,Harrison,rebeccah26@curry.com
Rodney,Andrews,r.andrews@espinoza.com
Miranda,Herrera,miranda.herrera69@little-schultz.com
Danielle,Reese,dreese75@jackson.org
Michael,Beck,m.beck51@scott-king.com
Mary,Jackson,maryj32@wiley.net
Matthew,Crosby,matthewc28@white-carey.biz
Anna,Perkins,anna.perkins9@ferguson-griffin.info
Michael,Cantu,m.cantu44@smith.com
Janet,Ortega,jortega@moreno.com
Brenda,Owens,b.owens@dennis.com
Madeline,Thompson,madeline.thompson@rivera.biz
Cheryl,Oconnell,cheryloconnell35@mccann-walters.com
Mark,Mccarthy,markm83@hayes-gutierrez.com
Melissa,Hill,m.hill52@holmes.com
Amanda,Johnson,ajohnson72@nichols.info
Melinda,Williams,melinda.w@rodriguez-hunter.com
Jennifer,Kelley,j.kelley@sellers-garcia.com
Joseph,Garcia,josephg@spears.com
Deborah,Warren,deborahw22@bernard-butler.info
Caitlin,Merritt,c.merritt14@cruz.com
Samantha,Garcia,samanthagarcia68@ferguson.com
Raymond,Collier,raymondcollier@zuniga.org
Jacob,Ramos,jacobramos@lane.com
Victoria,Wood,victoriaw@gutierrez.info
Anthony,Jackson,ajackson@carrillo-anderson.com
Candace,Mcbride,cmcbride@jones.com
Alicia,Sosa,aliciasosa@mckinney.com
Elijah,Cook,elijahc@george-porter.com
James,Sullivan,j.sullivan21@barrett.com
Arthur,Foley,arthurfoley@barnes-dean.org
Jocelyn,Thompson,jthompson5@salinas.org
Erin,Price,erin.price@hernandez-edwards.com
Krystal,Donovan,kdonovan@russo.biz
Annette,Nixon,annette.nixon87@mendoza.net
Christopher,Nguyen,c.nguyen@hawkins.info
Ernest,Nelson,ernestnelson@reyes-morris.com
Meredith,Clark,mclark@matthews.com
Erin,Ramirez,eramirez89@wagner-jimenez.info
Stephanie,Foster,s.foster@sanchez.com
April,Mitchell,april.mitchell@chung.com
Taylor,Becker,taylor.becker54@clarke-scott.com
Joshua,Rogers,joshua.r@gay.org
Stephanie,Hickman,stephanie.hickman91@hoffman.com
Linda,Hurley,lhurley@smith-mitchell.com
Ashley,Hall,ashleyh60@jenkins.info
Wesley,Rodriguez,wesley.rodriguez@huynh.com
Philip,Lloyd,p.lloyd7@mercer-torres.net
Nathan,Barron,nathanb80@perez.net
Karen,Adams,karen.a30@hall-hendrix.info
Caleb,Williams,cwilliams@ramos-fisher.com
Steven,Krueger,skrueger@howard.biz
Christopher,Willis,christopher.w90@thomas.net
Paul,Logan,paul.l@jackson-tyler.info
Luis,Murphy,luism75@blake.com
Joshua,Holt,joshua.h@salinas.biz
Thomas,Schmidt,tschmidt@green.com
Hannah,Dunn,hannahdunn36@mcbride-pace.net
Samuel,Cameron,scameron@howell.biz
Andrew,Dyer,a.dyer84@weber.info
Aaron,Solomon,a.solomon@lopez-huber.com
Crystal,Lewis,c.lewis77@morales-shelton.com
Heidi,Brown,hbrown@gutierrez-smith.com
Alan,Walker,alanw47@vega-marsh.com
Amanda,Carlson,a.carlson14@lindsey.info
Nicholas,Williams,nwilliams48@bridges-cobb.com
Colleen,Moore,cmoore@snow.com
Jessica,Beck,jbeck@ferrell.com
Joshua,Nguyen,joshua.nguyen@hernandez.biz
Christopher,Rivera,christopher.rivera@jones.info
Joseph,Todd,josepht@henson.info
Daniel,West,dwest@baker.info
Scott,Glenn,sglenn@horne-dunn.info
Jason,Richardson,jason.richardson@edwards.org
Jillian,Tucker,jillian.tucker95@vega.com
Jacqueline,Bryant,jbryant@black.com
Jamie,Henderson,jhenderson27@mcdaniel.org
Stephen,Jones,stephenj42@bartlett.com
Julie,Jenkins,julie.j@mccoy.info
Jessica,Williams,jwilliams68@williams-pace.org
Sara,Gonzales,sgonzales29@maxwell.com
John,Barrett,john.barrett7@benson.net
Brian,Gonzales,b.gonzales@fisher.biz
Randy,Byrd,randy.byrd@gray-ferguson.com
Barbara,Randall,barbarar18@peters.org
Matthew,Ewing,matthewewing@long.com
Virginia,Salazar,v.salazar@weber-marsh.org
Beth,Bailey,b.bailey18@jones.com
Calvin,Robinson,calvinrobinson@escobar.biz
Susan,Johnson,susanjohnson50@patterson.com
Linda,Stevens,l.stevens@snow-stein.com
Alicia,Gregory,aliciagregory@douglas-ferguson.com
Patrick,Olson,polson@patton.org
Amy,Rivera,amyrivera@park.net
Matthew,Humphrey,mhumphrey@conway.com
Patrick,Chandler,patrick.chandler43@matthews.biz
Doris,Fletcher,dorisfletcher@fisher.net
Nicole,Hanson,n.hanson5@gregory.com
Patricia,Johnson,patricia.j98@rodriguez.com
Paul,Hamilton,phamilton@gonzalez.com
Nicholas,Barrett,nicholasb@cross.com
Kristina,Hernandez,kristinahernandez91@adams.biz
Kathryn,Avila,kathryna@williams.com
Timothy,Flores,tflores89@ramirez.com
Patricia,Ellis,pellis67@ellis-scott.com
Jose,Hernandez,jhernandez53@wiggins-brown.com
Alexis,Thomas,athomas@daniels-black.com
Jenna,Roberts,jennar@jackson.biz
Steven,Rodriguez,stevenrodriguez94@armstrong-duncan.com
Chad,Francis,cfrancis@bryant-odom.net
Chloe,Mills,cmills@proctor.info
Stephanie,Walsh,stephaniew43@ayala.com
Mario,Rodriguez,mariorodriguez@chavez.net
Jennifer,Benitez,j.benitez22@king.com
Stephanie,Robertson,srobertson74@harris-simmons.com
Michael,Freeman,mfreeman@edwards.com
Julie,Kline,j.kline@jones-bailey.com
Cheryl,Fuller,cherylfuller@moss.com
Jason,Pugh,jason.p65@cherry-fowler.com
Christopher,Cordova,ccordova@davis.net
