first_name,last_name,email
Tanya,Ramirez,tanyaramirez43@hernandez.com
Keith,Jones,keithj11@sanders.com
Tom,Matthews,tmatthews17@alexander-woods.com
Brooke,Williams,brooke.williams@randolph.info
Mathew,Burnett,mburnett@fletcher.com
Samantha,Robinson,srobinson20@barnes.com
Aaron,Johnson,aaronjohnson53@wise.com
Donna,Baker,d.baker@castro.com
Susan,Stevens,s.stevens63@martinez.biz
Justin,Bowman,jbowman@williams.com
Deborah,Torres,deborahtorres40@reyes-christensen.com
Stacey,Hall,s.hall@rodriguez.info
Nancy,Campbell,nancyc38@gray-vasquez.com
Michelle,Reynolds,michelle.r66@payne-davis.net
Leroy,Herring,lherring26@preston-gardner.org
Stephanie,King,s.king75@murray.com
Rachel,Cruz,rcruz@parrish.com
Lauren,Richards,laurenr@hamilton-wilson.com
Jennifer,Ortiz,jortiz@casey-mendez.com
Samantha,Lawson,samanthalawson47@ray-taylor.biz
Hailey,Wright,hwright88@silva-manning.biz
Alice,Thompson,athompson76@stein.com
Robert,Medina,robert.medina@brooks.com
Tiffany,Evans,tiffanyevans76@sharp-reid.com
William,Lewis,williamlewis@mason.net
Katie,Moody,katiem90@mason.com
Richard,Ortiz,richardortiz63@wade-wolfe.org
Walter,Heath,wheath42@rodriguez.com
James,Nguyen,james.nguyen61@douglas.info
Samantha,Butler,s.butler@curry-green.info
Aaron,Black,aaronb@bond.com
Jacob,Carson,j.carson55@cox-hernandez.com
Ashley,Miller,ashleym44@randolph-carr.biz
Ethan,Deleon,edeleon40@friedman.com
Sandra,Bates,sandrabates26@johnson.com
Wendy,James,wendy.j70@richard-white.biz
Kara,Dawson,kara.dawson@johnson-summers.net
Cynthia,Jacobs,cynthia.jacobs@greene.com
Richard,Martin,richard.m37@johnson.info
Jared,Underwood,junderwood92@duarte-smith.net
Beth,Payne,bpayne@price-gray.com
Theresa,Wallace,t.wallace26@harper-werner.biz
David,Nguyen,davidn96@douglas.com
Kristin,Weiss,kristin.w@young.info
Billy,Robinson,billy.r82@evans.info
Thomas,Aguirre,thomasa6@morris-anderson.com
Tanner,Suarez,tsuarez61@lopez.com
Nicholas,Cruz,n.cruz@james.biz
Arthur,Whitney,arthurw65@valdez-mendoza.com
Pamela,Mendez,pamelam@stewart.com
Steven,Davis,s.davis@diaz.com
Tyler,Martinez,tyler.martinez95@nichols.biz
Erica,Mendoza,erica.mendoza@collins-tyler.info
Jeremy,Arroyo,j.arroyo61@johnson.com
Wayne,Lyons,wlyons@faulkner.biz
Jesus,Cox,j.cox45@kennedy-jacobs.biz
Amanda,Moore,amanda.m@smith-jones.com
Nathan,Sutton,nathans33@sullivan-wallace.info
Joseph,Jones,jjones74@black.com
Ashley,Kennedy,ashleykennedy36@camacho.biz
David,Anderson,david.anderson62@petty-dalton.com
Beth,Owens,betho@lopez.com
Julie,Hamilton,jhamilton@dominguez.com
Deborah,Harris,deborahh96@williams.org
April,Anthony,a.anthony@mcgee-barnett.info
Mathew,Rosales,m.rosales@schwartz.com
Elizabeth,Buchanan,elizabeth.buchanan21@owens.com
Leslie,Houston,lesliehouston95@wilson.com
Paul,Marshall,p.marshall@hinton.info
Jennifer,Lee,jennifer.l65@carr.com
Mark,Harrison,mark.harrison@campbell.com
Joan,Austin,joan.austin68@george.net
Steven,Miles,smiles@gilmore.org
Mary,Aguilar,marya@melendez.com
Elizabeth,Gross,e.gross@cantu-hendrix.org
Tammy,Perry,tperry13@jones.com
Jose,Wilson,jose.wilson42@ruiz.net
Paula,Johnson,paula.johnson@orr.com
Jared,Smith,jaredsmith29@lopez-howard.com
Stephanie,Johnson,stephaniej@wright-kim.com
John,Hernandez,j.hernandez@cole.com
Sara,Nicholson,sara.nicholson@brewer-blackburn.com
Carrie,Chapman,carrie.chapman@rhodes-cordova.net
Larry,Kirk,larryk@wallace-wilson.com
Alicia,Coleman,a.coleman33@price.com
Sarah,Snyder,sarah.s@herrera-kennedy.com
Joseph,Herrera,joseph.herrera31@perez-murphy.com
Kristen,Sheppard,kristens71@mccoy.com
Francisco,Harvey,f.harvey89@garza-smith.com
Kevin,Berry,kberry@gregory.com
Jose,Ross,j.ross@nixon-johnson.com
Emily,Walker,e.walker72@daniels.com
Heather,Hunt,heather.h32@jackson.com
Kimberly,Garcia,kimberly.garcia@cole-greene.info
Gregory,Ramos,g.ramos@james.com
Douglas,Foley,douglasfoley@brown.com
Johnny,George,johnny.g89@fleming-andrade.biz
Dennis,Mendez,d.mendez71@conner.org
Jennifer,Miranda,jenniferm93@fisher-campbell.org
Kent,Hawkins,k.hawkins58@morales-johnson.biz
Bruce,Williams,bruce.williams@scott.com
Blake,Palmer,bpalmer@dodson-moore.biz
Ryan,Wright,rwright@oconnor-allen.com
Corey,Nelson,c.nelson86@johnson.com
Victor,Haney,victorhaney@robinson.org
Lori,Hunter,l.hunter34@little.com
Maria,Marks,maria.m83@wood-short.com
Ryan,Macdonald,rmacdonald@wood.biz
Javier,Hansen,javierh@hernandez.com
Amanda,Golden,a.golden59@martin-lara.com
Brandon,Miller,brandon.m89@hampton-long.biz
Caitlin,Gallagher,cgallagher54@bradley.com
Madeline,Miller,m.miller@patton.com
Kristie,Macdonald,k.macdonald89@gonzalez.com
Paul,Swanson,paulswanson@turner-lee.com
Thomas,Lloyd,thomas.lloyd@fox-ortiz.org
Tammy,Mcbride,tammym@middleton.org
Robert,Jones,robert.j15@petty-george.org
Louis,Beck,l.beck37@rowe.com
John,Barron,john.b84@smith-johnson.biz
William,Fitzpatrick,wfitzpatrick@morris.info
William,Torres,williamtorres@wilson.biz
Jodi,Austin,jaustin@ho.com
Cristina,Martinez,cmartinez41@ortiz-schmidt.com
Carrie,Rios,crios@miller-cruz.com
Joshua,Peterson,joshua.peterson@leonard.com
Brandon,White,bwhite38@smith.com
Jennifer,Miller,jmiller@cruz.com
Hunter,Guzman,hunter.g31@buck.com
Adam,Diaz,a.diaz15@dominguez.com
Robert,Gibbs,robertgibbs@rubio.com
Kelly,Hodges,kelly.hodges@singh.com
Thomas,Gillespie,thomas.gillespie@greer-horne.com
James,Gutierrez,james.gutierrez20@wright.com
Kevin,Vasquez,kevinvasquez@davis.com
Sara,Huff,sarahuff@fuller.com
Stephen,Acosta,stephenacosta32@long.com
David,Myers,david.myers@miller-walker.com
Stephanie,Miller,stephanie.miller79@watson.com
Sara,Williamson,swilliamson71@rodriguez.net
Patricia,Martinez,p.martinez11@mejia-tran.com
Jose,Rhodes,jose.r@jones.com
Margaret,Cook,margaret.c41@orozco-randolph.com
Kristina,Dickerson,kdickerson@murray.biz
Jay,Lang,jlang48@johnson.com
Diana,Roberson,droberson@brewer.com
Laura,Lara,llara71@gibbs-newton.com
Cynthia,Reese,cynthiar12@rosales.com
Mary,Hughes,mary.hughes@simmons.com
Lisa,Fowler,lfowler45@thomas.com
Shawna,Ferguson,shawna.ferguson@giles-hansen.info
Mathew,Key,m.key@phillips.com
Tara,Wright,twright@lee.info
Mary,Bennett,mbennett@ross-morris.com
Matthew,Green,mgreen82@jackson.info
Amber,Joseph,ajoseph79@brewer.biz
Shane,Norman,shanenorman@arias.com
Debbie,Wilson,dwilson@sanchez.com
Cynthia,Johnston,c.johnston@thompson-morales.com
Kathy,Thompson,kathythompson@ramirez-johnson.info
David,Anderson,david.anderson@rodriguez.com
Scott,Carey,scarey48@phillips.info
Holly,Johnson,hjohnson67@gonzalez.info
William,Garcia,william.garcia@jackson-nguyen.com
Bernard,Henry,bernard.h35@colon.com
Deborah,Mason,dmason@barker.com
Rebecca,Mitchell,rebeccamitchell74@miller.biz
Julie,Jackson,jjackson23@bennett.com
Jesse,Buck,j.buck90@johnston.com
Tammy,Powell,tammypowell@parsons-rowland.com
Lisa,Mullins,lisamullins@gomez-francis.com
Michelle,Dominguez,michelledominguez44@li.net
Matthew,Henderson,m.henderson15@lewis.com
Lucas,Potter,lucasp44@martinez.com
Mark,Waters,mwaters15@sanders.com
Jeffrey,Solis,jeffrey.s@fletcher-hansen.com
Grace,Hunter,grace.hunter57@simpson.net
Scott,Henry,scott.henry@ingram.info
Kim,Richmond,k.richmond8@williams-schmitt.com
Lisa,Park,lisapark90@nguyen.com
Ronald,Sparks,ronald.s43@cuevas.com
Melissa,Holder,melissaholder@mcintyre.biz
Alexander,Paul,a.paul64@horn.org
Natalie,Jensen,nataliej@craig.com
Valerie,Medina,vmedina57@bailey-thomas.info
Cathy,Taylor,cathytaylor@roman.info
Tiffany,Allen,tallen@phillips-buchanan.com
Patricia,Anderson,p.anderson57@french.com
Gabriella,Kim,gabriellak@dillon-cooper.org
Emma,Torres,emma.torres@guerra.info
Shawn,Esparza,sesparza11@rose-gonzalez.com
Jesus,Dixon,j.dixon@nguyen.com
Michael,Nelson,michael.n76@hobbs.info
William,Miranda,williammiranda45@smith-edwards.biz
Eric,Coleman,ecoleman@russell.org
Aaron,Carroll,acarroll17@morgan.com
Kristina,Reyes,kristinareyes@wright.org
Joanna,Moss,joanna.m@flores.com
Ronald,Hoover,ronald.h@morrison.biz
Amy,Rose,a.rose@andrews.org
Tammy,Adams,t.adams59@clark.biz
Andrea,Martinez,andreamartinez@franco.com
Peggy,Kelly,p.kelly@thornton.org
David,Huff,dhuff@white-gonzales.com
Whitney,Peters,whitneyp96@murphy.com
Sean,Ortiz,s.ortiz@washington.com
Michael,Martin,michaelm@johnson-mosley.biz
Maria,Davis,m.davis39@parker.net
Gregory,Reese,g.reese@ferrell.com
Todd,Phillips,toddphillips47@mora-fields.info
Travis,Paul,travis.p97@smith.com
John,Dodson,jdodson12@mcgee-huerta.com
Edwin,Mccullough,emccullough@floyd.com
Megan,Pierce,megan.p@marks-wilson.com
Timothy,Lewis,tlewis@schroeder.org
Kimberly,Peterson,k.peterson10@kelly.com
John,Garcia,john.g85@howell.com
Justin,Watkins,justinw@miller.com
Elizabeth,Marshall,e.marshall@ayers.com
Elizabeth,Johnson,elizabeth.johnson@woodward-ellis.com
Holly,Valenzuela,hollyvalenzuela39@johnson.com
Spencer,Nguyen,spencern36@atkins.com
Ruth,Edwards,ruth.e@hamilton.com
Jon,Lawson,jlawson@martinez-blair.com
Dorothy,Cox,dorothy.cox88@cervantes.com
John,Guerrero,jguerrero@jackson.biz
Justin,Cook,jcook27@medina-maynard.com
Karen,Gross,kgross12@hines.info
Lisa,Gonzalez,l.gonzalez@avery.org
Timothy,Ashley,tashley41@swanson-wood.com
Peggy,Davis,pdavis@becker.com
Tina,Moon,tinamoon@gordon.com
Michael,Marshall,mmarshall37@patel-velasquez.org
Amy,Brown,abrown@barnes-terry.net
Erica,Silva,e.silva@pacheco-roach.com
Jennifer,Davis,jdavis33@carroll.com
Tony,Stone,t.stone98@romero.com
Madison,Deleon,mdeleon89@miller.com
Kim,Williams,kimwilliams@clark.com
Angel,Moses,amoses@lewis-carpenter.com
Anthony,Conrad,aconrad84@butler-smith.org
David,Alvarado,dalvarado38@wallace-heath.net
Jacob,Burton,jacobb56@thomas-melton.com
Christopher,Johnson,cjohnson30@harper-black.com
Shelley,Lloyd,slloyd@harrell.biz
Shelby,Shepherd,shelby.shepherd@randall.com
Robert,Mccormick,r.mccormick28@brown-hughes.biz
Dawn,Hale,dhale@williams.com
Crystal,Mejia,c.mejia57@cannon.com
Rick,Ortiz,rick.o85@martin-adams.com
Mathew,Barr,mathewb@scott.com
Nicholas,Watson,n.watson24@douglas.com
Erika,Mays,erikamays@harmon.com
Frank,Norman,f.norman54@morrison-barrett.com
Darlene,Parks,dparks33@kelly.biz
Timothy,Gonzales,timothyg56@butler.com
Deanna,Howard,deannah@greer.info
Laura,Fletcher,lfletcher@acosta.com
Christopher,Hernandez,christopher.hernandez@alexander.info
Jacqueline,Turner,j.turner84@long.org
Johnny,Randolph,jrandolph@perez.com
Patrick,Reynolds,preynolds@jacobs.info
Chad,Greer,chad.g63@white.net
Elizabeth,West,elizabethwest25@nguyen.com
Laurie,Tate,l.tate@robinson.com
Stacey,Mejia,s.mejia@herring.com
Sonya,Graham,sgraham78@wood-wong.com
Mario,Smith,mario.s@taylor.com
Jenna,Melton,jenna.melton25@shea-joseph.com
Elizabeth,King,e.king@zimmerman-campbell.net
Kimberly,Watkins,kwatkins@hall.info
Bruce,Kim,bruce.k@savage.com
Jose,Hunt,joseh@lewis-yates.com
Justin,Weaver,justin.weaver77@fisher.info
Sergio,Andersen,s.andersen@ibarra-barnett.com
John,Lynch,john.lynch98@tran-edwards.com
Sarah,Wall,swall@stephens.org
Billy,Camacho,billy.c94@richardson-butler.com
Danny,Cunningham,dcunningham@henderson.com
Daniel,Owens,d.owens@anderson.info
Jocelyn,Jackson,jjackson@gregory.com
Christian,Bates,christian.bates42@ruiz-spencer.com
Jason,Stevenson,j.stevenson@kirby-bell.net
Jon,Andrews,j.andrews44@hernandez.info
Tami,Mccarthy,tamimccarthy@nguyen.info
Mary,Fowler,m.fowler57@henry.com
Latasha,Porter,latasha.p56@harvey.org
Rebecca,Terry,rebeccat@hall-nguyen.com
Monica,Browning,monicabrowning@dodson.info
Daniel,Flores,daniel.f@gomez.net
Nancy,Mullins,nancymullins@koch.biz
Meghan,Francis,mfrancis72@hammond-gordon.com
Jason,Gregory,j.gregory@thomas.org
Kyle,Cain,k.cain70@mcdaniel.com
Theodore,Smith,theodoresmith20@blankenship-chavez.com
Diane,Scott,dscott16@norris-smith.com
James,Johnson,jamesj43@barr.net
Melissa,Murphy,mmurphy@flores.com
Amy,Sparks,a.sparks97@shaw.com
Melanie,Long,melanie.long68@dorsey-walton.com
Danielle,Rogers,drogers@pham-jones.com
Gregory,Lewis,g.lewis@sanders.com
Ernest,King,e.king@morales.org
Joshua,Savage,j.savage56@peterson.com
Samantha,Coleman,s.coleman66@hill.org
Melissa,Rivera,melissa.rivera26@padilla.biz
Adam,Burton,adamb@maldonado-vasquez.info
Michael,Schmidt,michael.schmidt@graham.com
Steven,Fowler,steven.f@herrera.com
Pam,Pearson,ppearson@murillo-preston.net
James,Bates,jbates43@king.com
Donald,Davis,donald.davis@cortez.net
Jared,Nichols,jarednichols@jones.com
Jose,Campos,j.campos67@james.com
Jason,Fields,j.fields@sanchez.net
Monica,Thomas,monicat@johnson.org
Jessica,Hanson,j.hanson@townsend.biz
Felicia,Moore,fmoore@mooney.com
Joseph,Cummings,j.cummings@joseph-chandler.biz
Crystal,Johnson,c.johnson@morgan.com
Linda,Vincent,lindav@preston.com
Sara,Anderson,sanderson6@miller.com
Michael,Mckee,mmckee@petersen.com
Jonathan,Benitez,jbenitez36@salazar-long.info
Lisa,Powell,l.powell@peterson.com
Kaitlyn,Moss,kaitlyn.moss@wilkins.biz
Roberta,Bartlett,r.bartlett50@little.org
Raymond,Harvey,raymond.h97@collins.com
Jeffrey,Johnson,jjohnson@blanchard.com
Angel,Johnson,angeljohnson82@murillo-case.com
Adam,Sheppard,asheppard@hall-randolph.com
Angelica,Suarez,a.suarez@grant.com
Jesus,Steele,jsteele45@rivera-kelly.info
Joseph,Hernandez,jhernandez31@miller-hanson.com
Brent,Cooper,b.cooper7@robinson.com
Tracey,Johnson,tracey.johnson9@morrow.biz
Ashley,Thompson,ashley.thompson@brooks.com
Andrew,Jimenez,ajimenez18@johnson-macias.com
Richard,Cabrera,rcabrera@hughes.info
Angela,Lee,angelal@ford.com
Robert,Clark,r.clark@oneal.biz
Lisa,Gomez,lisagomez@bautista.com
Russell,Miller,rmiller@adams.org
Mike,Hinton,mike.h6@butler.com
Megan,Curtis,megan.c6@gregory.info
Jessica,Frazier,jessicafrazier77@miller-lang.com
Amy,Cohen,amycohen@morrison-riley.info
Stephen,Brewer,stephenb27@chapman.com
Robert,Smith,rsmith@elliott-spence.com
Tammy,Anderson,tammyanderson@olson.com
Craig,Martin,c.martin@garcia.com
Melanie,Espinoza,melanieespinoza24@parks-perry.com
Justin,Burton,jburton80@bass.org
Maria,Perez,mariaperez@erickson.com
Paul,Bradford,paulb@howard.com
Jamie,Kelley,jkelley93@davis-stevens.com
Kayla,Villarreal,kvillarreal29@watts-green.info
Maxwell,Whitaker,maxwellwhitaker@harrington-johnson.com
Jessica,Taylor,jessicat40@berry.com
Alexis,Dixon,a.dixon@lucas.com
Laura,Jordan,ljordan65@williams.com
Brian,Kline,bkline66@estes.com
Anthony,Poole,a.poole72@sims.com
Jennifer,Hill,j.hill@kane.com
Nicholas,Jones,nicholas.jones58@crawford-beasley.info
James,Reed,jamesr@herman.info
James,Henderson,james.h88@harrington-cross.org
Daniel,Johnson,djohnson@dalton-hughes.info
Edward,Brown,e.brown84@sanders-williams.com
Kristi,Joyce,kristi.joyce31@rogers-patterson.biz
Donald,Williams,d.williams55@gregory-jones.net
Tamara,Rodriguez,trodriguez21@lynch.com
Chad,Anderson,chada71@white.info
Diana,Cox,diana.c@page.com
Lori,Oconnor,lorioconnor@gibson.org
Erin,Gomez,erin.g29@hernandez.com
Melissa,Robinson,melissarobinson@rich.com
Tara,Conner,tconner49@may.com
Tracy,Jackson,tjackson@walker.biz
Kimberly,Murphy,kimberlym@doyle.biz
Yvonne,Jones,yvonne.j70@duncan.net
Rebecca,Gray,rebeccagray52@baldwin-shannon.com
Joshua,Castro,jcastro@james.com
Brandon,Farrell,b.farrell53@middleton.com
Larry,Robles,larryrobles@calhoun.com
Zachary,Carroll,z.carroll64@miller.com
Alexis,Hayes,alexish31@garcia.com
Ashley,King,aking@green.com
Jennifer,Mejia,j.mejia@kerr-haas.biz
Amber,Price,amber.price11@adams.com
Zachary,Mcgrath,zacharym74@thomas.info
Gary,Young,garyy@martinez.biz
Nichole,Arroyo,nicholea@hamilton.net
John,Ramirez,johnr12@williams.com
Elizabeth,Bartlett,elizabeth.bartlett@brennan.com
Cody,Davis,cody.davis80@dennis.com
Michele,Gates,mgates@day.com
Ashley,Hopkins,ahopkins@walters.com
Paula,Rhodes,p.rhodes53@willis.com
Joshua,Morris,jmorris@lewis.info
Robert,Fernandez,rfernandez78@harrison-santiago.com
Carrie,Greer,cgreer@hall.net
Sherry,Garza,s.garza@wagner.com
Travis,Washington,twashington82@gill.com
Nicole,Williams,nicolewilliams@stanley-sutton.com
Nicole,Harris,nicole.harris@hubbard-bright.net
Michael,Horton,m.horton49@sparks.com
Regina,Hanson,regina.hanson@berry.info
Ronald,Mccann,ronaldmccann32@mcdonald.com
Jennifer,Henderson,jenniferhenderson45@jordan.org
Jessica,Harmon,j.harmon31@young.info
Angela,Lee,angela.l15@young.com
Jamie,Malone,j.malone50@mcintosh-sutton.net
Michelle,Ellis,mellis36@harris-mitchell.com
John,Dixon,j.dixon74@schmidt.org
Kerri,Barrett,kerribarrett71@smith-payne.biz
Eric,Park,e.park@archer-casey.org
Angela,Torres,angelatorres@clark.com
Joanna,Knight,joanna.knight23@ferguson.com
Brian,Davis,brian.davis@hooper.com
Stephen,Cox,stephen.c14@davenport.com
Ronald,Chavez,ronaldc42@villa.com
Dominique,Thomas,d.thomas@mcgrath.org
Edward,Ross,edward.ross@hart.com
Clarence,Wright,clarence.wright18@gonzalez.com
Sheila,Solomon,ssolomon31@stewart.com
Martha,Griffin,marthag65@lara-cochran.com
Mary,Nunez,maryn7@beck.com
Paula,Jordan,pjordan@myers.com
Maria,Dunn,maria.dunn42@clay-dunlap.net
Andrea,Johnson,andrea.j@thompson.com
Michael,Rodriguez,michael.r11@rivera.com
Aaron,Williams,awilliams@rodriguez.info
Mary,Watson,mary.watson70@mata.com
Shawn,Stanley,shawn.s97@erickson.com
Maureen,Ferguson,maureen.ferguson19@harris.com
Gregory,Nguyen,g.nguyen@kelly-long.biz
Preston,Evans,pevans24@parker-benitez.com
Erica,Johnson,ericaj96@coleman.com
Justin,Quinn,justin.quinn77@bates.com
Matthew,Lucas,matthew.l@scott-ellison.org
Rebecca,Olson,r.olson14@mendoza.com
Kevin,Moreno,kmoreno@rodriguez.net
Brian,Jacobs,bjacobs51@boyd.com
Andrew,Taylor,ataylor@berry.com
Michael,Wagner,michaelwagner@baker.com
Amy,Lambert,alambert@smith.net
Carl,Morris,cmorris@frye.com
Desiree,Compton,desireecompton92@marshall-perez.net
Gregory,Rogers,grogers@davis-mcconnell.com
Jeffrey,Saunders,j.saunders@sanchez.com
Chad,Wiley,c.wiley@smith.com
John,Anderson,j.anderson65@turner-mccann.com
Ashley,Robinson,ashley.robinson61@davis-russo.org
Jasmine,Lopez,jlopez32@nelson.com
Kelli,Morris,kellim93@morris.biz
Pamela,Garrett,p.garrett75@tate-anderson.com
Shirley,Leonard,s.leonard@king-haynes.info
Matthew,Howell,matthewhowell7@smith.info
Stephanie,Harrison,sharrison@miller.com
Kenneth,Graham,k.graham78@glass.com
Vincent,Jimenez,vincentj19@hill-martin.com
Jaime,Reed,jaimereed@jones.net
Carmen,Hanna,carmen.h@solomon-hood.com
Elizabeth,Rice,e.rice@foley.com
Jason,Salazar,j.salazar38@diaz.net
Adrienne,Ryan,adrienne.r@contreras-kelley.biz
John,Castro,jcastro84@allen.com
Darrell,Oliver,doliver83@ruiz-cruz.org
Devin,Rios,devinr19@green.com
Kendra,Mcdowell,k.mcdowell@garcia.com
Kimberly,Crawford,k.crawford@olsen.net
Jose,Salazar,jsalazar76@dunlap-smith.com
Rebecca,Gallegos,r.gallegos@johnson.org
Bryan,Duke,bduke90@sullivan.com
Tommy,Brewer,tommyb@meadows.com
Andrea,Williams,a.williams@ross-meza.com
Richard,Newman,richard.newman@page.com
John,Harris,john.h@palmer-rios.com
Dustin,Spencer,d.spencer@santos.info
Latasha,Browning,l.browning61@cole.info
Brandi,Carr,brandicarr66@smith.org
Michael,Delgado,mdelgado@shaw-patrick.com
Diana,Little,dlittle@holloway.com
Roberto,Fleming,robertofleming@patel.org
Nicholas,May,nicholas.m11@campbell.com
Deborah,Barrera,dbarrera49@brown.com
Tiffany,Anderson,t.anderson@mahoney-johnson.com
Erin,Martinez,e.martinez@mitchell.com
Harold,Moses,hmoses10@martinez-dixon.net
Emily,Trujillo,emilytrujillo85@mendoza.com
Tyler,Hines,thines33@obrien-young.com
Emily,Knight,eknight@gonzales.org
James,Jones,jjones@oneal-kennedy.com
Katie,Cooper,katie.c@berry.com
Lauren,Schmitt,lschmitt90@powers.com
Erik,Mccarthy,erikm@brown-taylor.biz
Jessica,Cross,jcross@ross-burke.com
Carrie,Martinez,c.martinez89@johnson.com
James,Johnson,james.j52@miller.com
Christopher,Williams,c.williams@garcia-phillips.biz
Thomas,Ruiz,truiz34@lee-moore.info
Jeffery,Baker,j.baker50@dougherty-may.com
Robert,Fisher,r.fisher@cohen.biz
Jason,Herring,jherring35@smith.info
Barbara,Shaw,bshaw@jones.info
Denise,Martin,dmartin9@fitzgerald.com
Adrian,Sawyer,adrian.s@hill.com
Matthew,Huang,m.huang13@stevens.com
Edward,Ortiz,eortiz71@payne-roberts.com
Jessica,Cruz,j.cruz@burns.com
David,Sandoval,davidsandoval62@collins.com
Angel,Stevenson,angels62@ramirez-dodson.com
Catherine,Wilson,catherine.wilson@martinez-palmer.com
Kimberly,Lawrence,klawrence@jones.org
Jessica,Miller,jessicamiller@cook-jones.com
Douglas,Williams,douglas.w@ramirez.com
Peter,Olson,p.olson41@day-cole.com
Jonathan,George,jonathang@mccarthy.com
Timothy,Dominguez,timothy.d60@bean.com
Eric,Ryan,e.ryan98@miller.org
Chad,Holt,chad.holt@wilkerson-blake.com
David,Gutierrez,d.gutierrez@burns.com
Gina,Parker,gina.parker83@stephens.com
Nicole,Murray,n.murray@nichols.info
Christopher,Robertson,christopherr@stephenson.com
Cynthia,Knight,cynthia.k31@sullivan-parker.com
Richard,Browning,rbrowning@walker-holmes.com
Howard,Odom,howardo@butler-lynch.info
Maria,Wilson,mwilson@williams.info
Tyler,Terry,tylerterry20@chavez.com
Jennifer,Hill,jennifer.h75@fowler.com
William,Reed,williamreed@lyons.com
Alison,Baker,a.baker@nguyen-hancock.net
Daniel,Knight,daniel.k@fischer.com
Christopher,Brown,christopherbrown@molina-riley.com
Emily,Cole,emily.cole@lee-nelson.com
Paul,Barnes,paul.b@graham.com
Edward,Zhang,edward.z@pugh.com
Natalie,White,nwhite@hopkins.info
James,Turner,j.turner97@lopez-neal.info
Derek,Lucas,dlucas27@massey.com
Bonnie,Kennedy,bonnie.k@spears.net
Julie,Terrell,j.terrell@hammond.com
Sara,Lewis,sara.l36@parker.com
James,Young,james.young20@johnson-tyler.com
Alexis,Carpenter,a.carpenter83@lee-coleman.com
Jennifer,Stark,j.stark71@saunders.com
Wendy,Walsh,wwalsh69@barnes-sanders.com
Caleb,Brown,calebbrown@evans.com
James,Andrews,james.a24@roberts-thomas.com
Allison,White,allisonw@jones.com
Carrie,Bryan,carrieb24@perry.com
Nichole,Novak,nicholenovak@todd.info
Sharon,Barnes,sharon.barnes32@moody-flores.com
Jessica,Hall,jhall@torres.biz
Julian,Anderson,janderson@white.net
Veronica,Burke,vburke@smith-jackson.com
Craig,Reed,c.reed76@duke.com
Mario,Herring,m.herring@fuentes-torres.net
Jennifer,Henry,jennifer.h@flowers.com
Andrew,Davis,andrewd54@parker.com
James,Mason,james.m@moody-leon.biz
Patrick,Nelson,pnelson@salazar.com
Keith,Jones,keith.j68@chavez-kennedy.com
Donald,Harris,dharris@gay.info
Sara,Smith,ssmith@rodriguez-parker.info
Louis,Bentley,lbentley83@wolfe.com
Kyle,Moreno,kyle.m@powell.com
William,Hansen,whansen@sandoval.biz
Joseph,Bennett,j.bennett53@dean-flores.com
Ashley,Livingston,ashleyl@jacobson.com
Faith,Horn,f.horn@richardson-prince.com
Robert,Butler,robert.butler71@santos.com
Linda,Huff,linda.h@ramsey-williams.com
Amber,Dodson,adodson40@vargas-smith.com
Stephanie,Garcia,s.garcia@houston.com
Michael,Johnson,michael.johnson61@baker.info
Kelly,Henderson,k.henderson23@macdonald.org
Holly,Perry,holly.perry@harrison-martinez.com
Jack,Frey,jfrey@evans-brown.com
Jeremy,Fox,jeremyfox@taylor-stevens.com
Katelyn,Morris,katelyn.morris@moore.com
Erin,Tyler,erin.t@watson.net
Kelly,Reed,k.reed@cruz-smith.com
Tammy,Jackson,tammy.jackson@johnson.info
Anthony,Ayala,a.ayala12@hudson-rogers.info
Michael,Salazar,msalazar@parker-davis.net
Holly,Pitts,h.pitts51@molina.org
Ronald,Bowers,ronald.b43@horne-simmons.net
Emily,Powell,e.powell@jones-rush.com
Amber,Scott,ascott12@kennedy.com
Bethany,Bell,bethany.b24@delgado.org
Brian,Owens,brian.owens@sanchez.info
David,Perez,davidperez60@clements.com
Troy,Lynch,troyl57@wright.com
Mackenzie,Rivera,m.rivera74@bates.biz
Barbara,Keller,barbara.keller52@fischer.net
Wesley,Hall,wesley.h@taylor-shannon.info
Jonathan,Jackson,j.jackson@saunders-gutierrez.com
Ryan,Moreno,r.moreno@davis-roberson.net
Megan,Riley,meganr@alvarado-wade.com
David,Williams,davidw5@may.com
David,Johnson,d.johnson@jones-johnson.com
Sherry,Miller,sherry.m39@williams.com
Erik,Fuentes,efuentes@morrow.biz
Jon,Cisneros,jon.cisneros30@newton-steele.com
Mindy,Becker,mbecker60@cain.biz
Sarah,Reed,s.reed24@brown.com
Yolanda,Hawkins,yolanda.h@edwards.com
Kelly,Jones,kelly.j@goodman.net
Angelica,Stewart,a.stewart96@jackson-cain.net
Cheryl,Mcmahon,cherylm@allen.org
John,Thompson,john.thompson@macdonald-fernandez.biz
Misty,Singleton,misty.s@elliott-patrick.com
Leslie,Sanchez,leslies96@villegas-best.biz
Breanna,Gonzalez,b.gonzalez@schwartz.com
Jeremy,Perry,jperry@sheppard-black.com
Gary,Hampton,gary.hampton85@mcgee.com
Brandon,Padilla,brandon.p79@robinson.org
Bianca,Allen,ballen@burch.org
Christopher,Stewart,christopherstewart21@ward.com
Erin,Martinez,emartinez@vega.net
Michael,Salazar,michaelsalazar@butler.com
Eddie,Gardner,egardner@michael.net
Tyler,Johnson,t.johnson@black.com
Joshua,Gonzales,joshua.g@medina.com
Raymond,Walker,r.walker15@parks.biz
Alexandra,Cunningham,alexandra.c82@neal.com
Elizabeth,Ferguson,elizabethferguson93@baker.com
Ronald,King,rking71@leonard.org
Shawn,Rivera,srivera64@ray.org
Jessica,Medina,jmedina93@bishop.net
Austin,Mccormick,a.mccormick87@gonzales.net
Maria,Black,maria.b49@shaffer.info
Paula,Decker,p.decker77@anderson.info
Wayne,Mendoza,w.mendoza@thomas.com
Lindsay,Jones,l.jones29@frost-rodriguez.biz
Hannah,Johnson,hannah.j@little.info
Jenny,Perez,jperez22@schwartz-davis.com
Jasmine,Fuentes,jfuentes@king.com
Terri,Chan,terri.c60@bishop-boyd.com
Jasmine,Willis,jasmine.willis52@ramirez.com
Angela,Smith,asmith@lewis-clark.com
Michael,Martin,m.martin82@jackson-bennett.info
Anna,Evans,a.evans6@clark-bailey.com
Courtney,Gonzalez,courtney.gonzalez20@pena.com
Nicole,Mcclure,n.mcclure@durham-crawford.com
Lisa,Lee,llee57@miller.biz
James,Powers,jpowers@carr.biz
Holly,Black,hollyblack@morales.com
Joshua,Anderson,joshuaa15@clark.org
Kevin,Mendoza,k.mendoza@roberts.com
Shannon,Hill,shannon.hill30@foley-richardson.com
Kristin,Edwards,kristin.edwards@smith.biz
Stephanie,Henderson,s.henderson@medina-brown.com
Amber,Pratt,amberp46@russell.com
Sean,Ward,sward@miller.net
Denise,Reyes,denise.r97@barber-thompson.info
Jacob,West,jacobwest@carter.com
Angela,Hall,a.hall@stone-lewis.com
John,Diaz,johnd97@mendez-singleton.info
Diana,Elliott,diana.e38@becker.org
Joseph,Norman,josephnorman56@mckinney.com
Nichole,Smith,nicholesmith29@hamilton.com
Krista,Henderson,k.henderson91@rosario.org
Sandy,Merritt,sandy.m@hodges.com
Scott,Shannon,s.shannon@adams-burgess.com
Lee,Bates,lee.bates@patel-wallace.com
Joel,Chang,joel.chang67@gordon.com
Brooke,Long,b.long88@gaines.com
Rebecca,Garcia,rgarcia25@hudson-gibson.biz
Angela,Nelson,anelson15@johnston.org
Zachary,Barber,zachary.barber85@neal-jackson.org
Jennifer,Lane,j.lane@gutierrez.biz
Vanessa,Adkins,vadkins@richard.com
Jonathan,Horn,jonathan.horn@young.biz
Christine,Berry,christine.b77@bryant.com
Jermaine,Lucas,jlucas18@morales.com
Samantha,Wall,samantha.w@humphrey-scott.com
Martin,Dougherty,mdougherty@levine.com
Penny,Cooke,p.cooke@perez.com
Lori,Morgan,lmorgan@williams.com
Timothy,James,tjames49@livingston-gordon.com
Nicholas,Hoffman,nicholas.h33@calderon.net
Jessica,Kim,jkim@french.org
Paul,Madden,pmadden@baker.com
Jason,Watts,j.watts49@morris.com
Brian,Compton,brianc@powell.org
Timothy,Robertson,timothy.robertson74@richard.com
Diane,Simmons,dsimmons@bailey-moore.info
Crystal,Conner,c.conner@smith-patterson.com
Maria,Fisher,maria.fisher90@faulkner.org
Cassidy,Martin,cassidym@phillips-irwin.com
Joseph,Mayo,jmayo@hammond-coleman.com
Eric,Mosley,e.mosley34@maldonado-allen.com
David,Boyd,d.boyd25@hunt.com
Alexander,Morris,amorris@reyes.info
Danny,Mills,dannymills@burgess.biz
Colton,Meyer,c.meyer@anderson.com
Deanna,Hartman,deannahartman@page.com
Kerri,Gonzalez,kerrig@maldonado.com
Alicia,Curtis,acurtis26@harmon.com
Wesley,Reeves,wesley.reeves29@reed-werner.com
James,Le,james.le75@davis.com
Olivia,Lopez,olopez@gentry.biz
Anna,Hughes,annah71@young-hicks.com
Deborah,Roman,droman24@coleman.com
Eric,Russell,e.russell5@hudson.com
Ann,Barnett,ann.barnett7@wong.net
Linda,Hart,l.hart32@mueller-robinson.com
Marcus,Ray,marcus.ray96@hopkins.org
Melissa,Ross,melissar@lane.com
Monica,Daniels,monicad@griffith-brown.com
James,Fleming,j.fleming10@anderson.com
Bianca,Wood,bianca.w@dennis-lam.com
Brian,Garner,briang84@miller-burton.com
Cameron,Rogers,crogers78@price.net
Matthew,Smith,matthew.smith@everett.com
Sheri,Gregory,sgregory@lutz-james.com
Andrea,Owens,aowens47@smith.net
David,Smith,davidsmith@ballard-lowe.com
Andrea,Curtis,andreac33@garcia.org
Morgan,Boyd,morgan.boyd25@nelson.com
Mark,Ross,m.ross90@vaughn.com
Bonnie,Stewart,bstewart21@mcdonald.net
Stephen,Mullins,smullins@bell-stone.info
Gerald,Cohen,geraldcohen89@carroll.com
Willie,Dunlap,w.dunlap@mills.com
Gail,Pearson,gpearson@kim-bradshaw.info
Kathy,Morales,kathy.morales34@coffey-rios.org
Megan,Fry,megan.fry15@wheeler.org
James,Wilson,jwilson92@smith.info
Valerie,Melton,valeriemelton@garcia.com
Nicholas,Obrien,n.obrien@maldonado.com
Lucas,Johnson,lucasjohnson@davis.org
Jodi,Sharp,jsharp24@neal.com
Evan,Reyes,ereyes@rhodes.org
Mckenzie,Powell,mckenziep14@lopez-jackson.biz
Patrick,Sherman,patricksherman75@harper.com
Erika,Kim,erika.kim50@williams-miller.com
Kelly,Morris,k.morris@king.info
John,Velez,j.velez95@perez.net
David,Clark,d.clark@pena.net
Thomas,Estrada,testrada92@rivas.net
Hannah,Randolph,h.randolph@roberts.com
Jeffery,Fields,jefferyf@ramirez.com
Wayne,Williams,w.williams92@martin.net
Ryan,Mullins,ryan.mullins@fox-roman.com
Shawn,Stevens,shawns57@baird.info
Michael,Evans,m.evans@price.net
Ryan,White,ryan.w91@thompson-harper.com
Renee,Willis,rwillis63@sullivan.com
Anna,Smith,annasmith27@wyatt-allen.com
Aaron,Jones,ajones@lopez.com
Timothy,Jenkins,t.jenkins@lee.org
Jennifer,Bailey,j.bailey24@rivera.info
Cassidy,Hanson,chanson57@thornton-gonzalez.net
Angela,Goodwin,a.goodwin95@morse-robinson.org
Kevin,Pierce,kpierce38@ashley.info
Alyssa,Montoya,a.montoya90@hurley.net
Denise,Gray,d.gray56@king.com
Anthony,Davis,adavis46@beasley-morgan.org
Sarah,Roth,sarah.roth29@roberts.net
Brandon,Buck,b.buck@velasquez-watson.info
Frank,Shannon,frank.s@king-schroeder.com
Joshua,Whitaker,joshuaw@chavez.com
Raymond,Leach,rleach32@morales.com
Kimberly,Collins,kimberly.c@haynes.com
Kara,Smith,kara.s@gomez.net
Susan,Powers,s.powers27@bender.biz
John,Stafford,john.s24@montgomery-griffin.com
Caitlin,Hatfield,chatfield@flores.info
Meagan,Shepherd,m.shepherd@hill-wagner.com
Rebecca,Flowers,rebeccaflowers60@bailey.com
Brandon,Carter,brandon.carter@wilson-taylor.com
Stephen,Macdonald,stephen.m8@mccormick.com
Marco,Mendoza,marco.mendoza78@hernandez-payne.org
Paige,Grant,paige.grant84@olson-scott.com
Luke,Blake,l.blake@smith-rice.com
Julie,Williams,jwilliams@jones.org
Lynn,Jenkins,ljenkins92@farley.info
Joshua,Tran,jtran82@reynolds-reed.org
Daniel,Stewart,dstewart28@ross.net
Cody,Rodriguez,cody.rodriguez27@taylor-powell.com
Jeffrey,Ramirez,jramirez@williams-brown.net
Susan,Richardson,s.richardson@rogers.com
Margaret,Phillips,margaretphillips64@robinson-williams.com
Christine,Williams,c.williams@deleon-hanson.com
David,Campbell,d.campbell@lawson.com
Christopher,Washington,c.washington@mckinney.biz
David,Adams,d.adams86@mosley.biz
Jennifer,Alvarez,jennifer.alvarez98@hawkins.com
Christine,Norman,cnorman@roberts.com
Douglas,Mitchell,d.mitchell@anderson.com
Brenda,Allen,brenda.allen89@anderson-moore.com
Kellie,Wyatt,k.wyatt59@hanson.org
Kimberly,Leonard,kleonard45@smith.com
Paige,Decker,p.decker@weiss-cooper.org
Rebecca,Torres,rebecca.torres76@andrews.com
Leslie,Johnson,leslie.j74@rios-mcdonald.com
Stephanie,Savage,ssavage93@edwards.com
Elizabeth,Williams,ewilliams97@snyder.com
Erik,Moyer,erik.m9@williams.com
Donald,Stephenson,donalds51@thompson-hughes.com
Katherine,Powers,katherinepowers@hawkins.net
Jennifer,Mendoza,jmendoza94@smith-bennett.org
Cristina,Beard,c.beard10@mason-garner.net
Victoria,Taylor,victoriat9@burke-hodge.com
Peggy,Hill,p.hill@owens.com
Cheryl,Castillo,ccastillo25@hoffman.org
Joshua,Sanchez,j.sanchez37@kerr.com
Guy,Barton,gbarton95@mccall-crawford.net
Jason,Oconnor,joconnor@hale-long.info
Cody,Wise,c.wise@pugh-hubbard.net
Joseph,Martinez,jmartinez@kim.org
Veronica,Tanner,vtanner75@meza.biz
Thomas,Morgan,thomasm@robinson.info
Robert,Mcconnell,robertm@chang.com
Brent,Miller,bmiller@butler.com
Kevin,Craig,k.craig68@shepard-vang.com
Raymond,Sanders,raymond.sanders62@hill-morton.com
Lisa,Howe,l.howe34@gibbs.com
Beverly,Mendez,beverly.mendez@anderson.org
Alexis,Bailey,alexisb13@bates-snyder.com
Valerie,Morris,valeriemorris@morales.com
Patrick,Morrison,patrick.m56@jackson-rodriguez.net
Erica,Cobb,ecobb@humphrey-arnold.com
Mark,Stevenson,markstevenson@perry.com
Emma,Gamble,emma.gamble@bridges-rodriguez.info
Breanna,Vasquez,breannav10@holmes.com
Brian,Schwartz,bschwartz@hunt.com
Kimberly,Cummings,kimberly.c34@mcknight.net
Melanie,Cox,mcox@gilbert.net
Timothy,Buchanan,tbuchanan@gilbert-webb.biz
Patricia,Miller,patricia.m@bell-jones.com
Lisa,Henry,lhenry37@kennedy-baird.com
John,Wells,jwells88@guzman-joseph.com
Carmen,Newman,c.newman@sanchez-nichols.net
William,Dillon,williamd@leonard.com
Dawn,Jones,dawnj@hess-sanchez.com
Angela,Shelton,angelashelton@martinez.com
Kenneth,Caldwell,k.caldwell@whitehead.com
Jennifer,Strickland,jennifer.strickland83@edwards-conway.com
Jose,Webb,jose.webb13@simon-sexton.biz
Brittany,Scott,bscott@davis.biz
Steven,Carr,s.carr83@tran.com
Zachary,Summers,zachary.s@haynes.net
Cassandra,Bowen,cbowen83@arellano.com
Krista,Lawrence,k.lawrence@henderson-brown.com
Kenneth,Krueger,kennethkrueger@proctor-gutierrez.com
Heather,Moyer,hmoyer82@gibson.com
David,Lewis,d.lewis@hays-morgan.com
Andrew,Hammond,a.hammond@williams.com
Lisa,Huang,lhuang@deleon.com
Dorothy,Gonzalez,dorothygonzalez@wyatt.com
Suzanne,Vaughan,s.vaughan69@page.com
Mary,Mendoza,mmendoza@casey.com
Eric,Moore,e.moore@joseph.net
Michelle,Li,michelle.li@roberts.com
Christopher,Morse,c.morse@hudson.com
Tara,Powell,tarapowell@espinoza-chen.org
Eric,Zimmerman,ezimmerman56@jones.net
Ricardo,Bradley,rbradley36@burns.info
Lisa,Diaz,lisa.diaz@arellano.info
Garrett,Walter,garrett.w17@wright-clements.info
Regina,Ford,reginaford66@miller.com
Patricia,Harding,pharding40@sullivan.com
Suzanne,Gonzalez,suzanne.g17@taylor-wilson.com
Heather,Moore,heather.m40@simmons-wu.com
Leslie,Johnson,l.johnson@woods.com
Molly,Santos,m.santos@jones.com
Jason,Terrell,jterrell32@morris-chavez.com
Donna,Holmes,donnaholmes61@wiggins.net
Paula,Gonzalez,paula.gonzalez@martin.biz
John,Dunn,j.dunn46@miller.org
Shelby,Holmes,s.holmes74@thomas.com
Randy,Gonzales,r.gonzales62@owen.com
Karen,Lucas,klucas@harris.com
Rodney,Ward,r.ward@hernandez.org
Lindsay,Craig,lindsaycraig48@parker.com
Angel,Krause,akrause@mcdonald.info
Alicia,Johnson,alicia.j@fitzgerald.com
James,Fuller,j.fuller@lucero.com
Teresa,Ward,teresa.w@davis.info
Heidi,Lewis,hlewis@smith.info
Erica,Brewer,ericabrewer64@chase.com
Kimberly,Savage,ksavage@williams.biz
Bailey,Orr,baileyo68@white.com
Joshua,Wood,jwood16@bell.net
Jennifer,Snyder,jsnyder@coleman.com
Amy,Gutierrez,agutierrez92@williams.com
Laura,Hunter,laurah28@smith.com
Randy,Cooper,randyc43@wallace-tran.org
Justin,Kirk,jkirk49@figueroa-davis.net
Scott,Sandoval,ssandoval@allen.info
Troy,Estes,troye95@cunningham.com
Sara,Stewart,sara.s53@richardson.com
Cheryl,Dunn,cheryl.d@bowen-carr.com
James,Novak,jamesnovak@lynn-costa.com
Tamara,Smith,t.smith@gonzalez.com
Thomas,Gutierrez,tgutierrez@miranda.org
Michael,Werner,michaelwerner94@jimenez-warren.com
Kevin,Smith,kevins@campbell.net
Frank,Evans,franke46@greer.com
Melissa,Sosa,msosa@williams-price.biz
Alejandra,Ramos,alejandra.r83@wells.com
Cheryl,Bailey,cheryl.bailey43@nolan-torres.biz
Robert,Howe,roberth84@pacheco-morales.net
Sheryl,Boone,s.boone79@walker.com
Jose,Gutierrez,jose.gutierrez90@bird.org
Elizabeth,Perez,eperez@brooks-holmes.org
Rachel,Stevens,r.stevens64@phillips.com
Donald,Chandler,donald.chandler92@howard-rivera.com
Christopher,Wright,christopher.w84@allen-hansen.com
Angel,Sims,angels46@mack.com
Lucas,Anderson,l.anderson@chavez.com
Danielle,Grimes,d.grimes36@chase-espinoza.com
David,Eaton,d.eaton@weber-schwartz.info
Amber,Olson,amberolson79@wilcox.net
Patrick,Kim,pkim6@beck.biz
Julie,Hernandez,jhernandez45@russell.com
Todd,Cochran,todd.cochran97@wells.info
Alexander,Ramirez,a.ramirez@miller-davis.com
Brett,Baker,brettbaker@torres-warren.biz
Valerie,Jenkins,vjenkins@hughes.com
Morgan,Fisher,morgan.fisher48@pineda.com
Robert,Solomon,r.solomon@mccormick-harmon.com
Melissa,Young,m.young58@barron-manning.com
Jesus,Taylor,jtaylor94@morris.com
Brandon,Gomez,bgomez6@porter-clark.net
Jenny,Yang,jennyy50@baxter.com
Anthony,Anderson,anthonya86@hoffman.com
John,Cannon,johncannon32@wilson-chandler.com
Cynthia,Weaver,cweaver@kelly.info
Jeffery,Curtis,j.curtis@ayala-ramirez.info
Joseph,Mcdonald,joseph.mcdonald@hall.org
Donna,Ayala,d.ayala@parsons.com
Anthony,Baker,abaker5@franklin.com
Cheryl,Ramos,cramos@mills-lee.org
Randall,Freeman,randallf@vargas.net
Dustin,Willis,dustin.w@rhodes.com
Christopher,Mcdowell,christopher.m@bray.info
Jeffery,Taylor,j.taylor15@morales.biz
David,Nelson,davidn70@brewer-barrett.info
Katie,Daugherty,kdaugherty40@hansen.com
Jacqueline,Mayo,jacquelinem54@harrington.com
Alex,Jimenez,a.jimenez@gonzales-williams.net
Kimberly,Johnson,k.johnson@thomas-woodard.com
Peter,Rodriguez,peter.rodriguez@vincent.org
Jessica,Skinner,j.skinner@johnson.com
Jerome,Jackson,jjackson24@perez-murphy.com
Michael,Rivera,mrivera33@king.com
Thomas,Guzman,tguzman@harding-alvarez.com
Lindsey,Hunt,lindsey.h@alvarez-garcia.com
Kari,White,k.white18@cochran.com
Valerie,Bennett,vbennett@rubio-erickson.com
Becky,Ball,bball@flowers-stanley.com
David,Collins,d.collins33@davis.org
April,Reynolds,a.reynolds@lewis.net
Alex,Thompson,alexthompson21@cox.com
Trevor,Griffin,trevorgriffin@andrade.com
Shannon,Parrish,sparrish@graves.com
Kimberly,Garcia,kimberly.garcia29@williams-bailey.org
Frances,Adams,francesa28@morrison.com
Paul,Lee,p.lee54@reed.org
Alexander,Smith,asmith45@baker-wagner.biz
Robin,Buchanan,robin.buchanan@sellers-nelson.com
Robin,Sosa,robin.sosa@gomez.info
Michael,Newman,mnewman18@sellers.com
Heidi,Lewis,heidi.l67@williams.com
Rhonda,Alvarez,ralvarez20@richardson.com
Nathan,Miranda,n.miranda80@davis-richardson.com
Richard,Harris,rharris21@phillips.com
Janet,Brown,janet.b@gibbs-friedman.com
Robert,Davis,rdavis@davis.info
Jennifer,Lee,jennifer.lee38@carroll.com
Megan,Thompson,megant@lewis.com
Kelly,Johnson,k.johnson5@perry.com
Krista,Smith,ksmith@dickerson-miller.biz
Michael,Boyer,michaelboyer@howell.com
Kristine,Lee,kristinelee45@lin-jones.com
Rachel,Sims,rachel.sims@marshall.biz
Andrew,Gibson,andrewgibson@green.biz
Michael,Blair,mblair@armstrong-lopez.com
Melinda,Simmons,melinda.s70@soto.com
Megan,Johnson,m.johnson@jacobs.info
Denise,Newton,d.newton@schultz.org
Elizabeth,Drake,elizabeth.d@romero.com
Megan,Moore,mmoore@williams.com
Stephen,Anderson,s.anderson@rich.com
Robert,Bowers,r.bowers@white.biz
Alex,Fitzgerald,a.fitzgerald24@johnson.info
Elizabeth,Johnson,elizabethjohnson97@thomas-castillo.net
Shannon,Green,s.green@rogers-richards.com
Brianna,Gonzalez,brianna.gonzalez70@bentley.biz
Jeffrey,Murray,jeffreym24@cannon.info
Aaron,Frank,aaron.f49@garcia.org
Desiree,Rodriguez,drodriguez6@edwards.biz
Michael,Smith,michael.smith@whitney.com
