first_name,last_name,email
Barry,Huff,b.huff@haney.com
Harry,Hall,harry.h5@beck.net
Walter,Manning,waltermanning@freeman.com
Lori,Stevens,l.stevens@lopez.com
Laura,Soto,lauras@hurley.com
Calvin,Curtis,c.curtis12@brown.com
Yvonne,Ho,y.ho@johnson.info
Toni,Evans,tevans46@thompson.net
Connor,Taylor,c.taylor@miller.org
Kristen,Wright,kwright@odonnell.com
Jennifer,Walters,jenniferw20@morrison-patton.com
Benjamin,Watson,b.watson33@bell-beard.biz
Kathy,Butler,kathyb@le.org
Jason,Peterson,jpeterson11@williams.com
Traci,Hamilton,thamilton76@smith.net
Jason,Griffin,jasongriffin@wilkinson.com
Rita,Brown,ritab@powell.com
Deanna,Shepherd,deanna.s54@cook.org
Nicole,Jones,nicole.jones66@dixon.org
Jesse,Fischer,jessef88@stewart.com
Tyler,Gonzalez,t.gonzalez@washington.com
Mary,Knox,mknox45@fletcher-rodriguez.net
Eduardo,Rojas,eduardorojas13@peterson-curry.com
Joshua,Hooper,jhooper@bowers.com
Autumn,Harrington,autumn.h19@mathews.com
Heather,Wheeler,heatherwheeler@peterson-delgado.com
Andrew,Vaughan,a.vaughan@roy.com
Luke,Vang,luke.vang46@palmer.com
Patrick,Shepherd,pshepherd13@white-bradford.info
Alexander,Phillips,alexander.phillips38@alvarez.com
